rna,LociPARSE,rsRNASP,DFIRE,TB-MCQ
00031_cpr7p_0017255.pdb,9.98,3.22,0.66,0.73
00043_cpr7p_0028786.pdb,6.22,1.61,0.53,0.33
00391_r1feb2024_0031575.pdb,5.33,1.3,0.5,0.35
00400_r1feb2024_0040414.pdb,4.7,0.85,0.42,0.26
00407_r1feb2024_0047668.pdb,4.92,0.7,0.31,0.25
00386_r1feb2024_0027004.pdb,5.2,0.7,0.41,0.24
00002_cppc_0001941.pdb,10.47,8.99,1.35,0.58
00419_r1feb2024_0059345.pdb,5.36,1.58,0.42,0.37
00382_r1feb2024_0022719.pdb,4.56,0.5,0.3,0.21
00018_cpr7p_0004386.pdb,9.61,7.05,1.2,0.51
00399_r1feb2024_0040129.pdb,5.42,1.76,0.6,0.32
00419_r1feb2024_0059302.pdb,5.7,1.64,0.62,0.39
00418_r1feb2024_0058779.pdb,4.59,0.46,0.32,0.2
00425_r1feb2024_0065682.pdb,6.65,1.07,0.52,0.29
00418_r1feb2024_0058702.pdb,3.61,0.54,0.26,0.2
00383_r1feb2024_0023272.pdb,6.09,1.38,0.55,0.3
00366_r1feb2024_0006425.pdb,4.68,0.79,0.41,0.24
00376_r1feb2024_0017141.pdb,4.03,0.66,0.25,0.22
00397_r1feb2024_0037829.pdb,4.45,0.68,0.38,0.24
00399_r1feb2024_0040123.pdb,5.62,0.88,0.47,0.26
00369_r1feb2024_0009212.pdb,6.42,1.92,0.67,0.4
00380_r1feb2024_0020956.pdb,6.36,1.68,0.53,0.33
00382_r1feb2024_0022819.pdb,5.65,0.55,0.42,0.24
00394_r1feb2024_0034271.pdb,6.51,1.61,0.59,0.32
00381_r1feb2024_0021526.pdb,4.56,0.51,0.23,0.21
00425_r1feb2024_0065944.pdb,5.32,1.68,0.56,0.32
00401_r1feb2024_0041714.pdb,5.42,1.0,0.4,0.34
00192_dnfs_0141620.pdb,4.99,0.64,0.36,0.23
00394_r1feb2024_0034798.pdb,5.36,1.94,0.64,0.32
00361_r1feb2024_0002041.pdb,5.28,1.69,0.67,0.32
00428_r1feb2024_0068220.pdb,4.59,0.77,0.4,0.24
00380_r1feb2024_0020323.pdb,4.87,0.97,0.47,0.27
00401_r1feb2024_0042077.pdb,4.71,0.88,0.43,0.29
00011_cppc_0010129.pdb,10.45,9.18,1.38,0.63
00050_cpr7p_0036433.pdb,9.28,3.53,0.86,0.39
00047_cpr7p_0032709.pdb,6.63,1.55,0.62,0.4
00029_cpr7p_0015337.pdb,8.28,9.13,1.51,0.57
00415_r1feb2024_0055546.pdb,5.06,1.48,0.56,0.33
00403_r1feb2024_0043555.pdb,4.0,0.87,0.45,0.26
00397_r1feb2024_0037497.pdb,5.43,1.53,0.63,0.4
00390_r1feb2024_0030263.pdb,4.35,0.95,0.36,0.26
00373_r1feb2024_0013812.pdb,4.88,1.21,0.48,0.29
00371_r1feb2024_0011777.pdb,3.04,0.39,0.24,0.2
00371_r1feb2024_0011515.pdb,6.0,1.74,0.58,0.32
00402_r1feb2024_0042477.pdb,4.97,1.2,0.46,0.27
00028_cpr7p_0014150.pdb,5.21,1.68,0.58,0.32
00029_cpr7p_0015274.pdb,4.66,0.8,0.4,0.32
00371_r1feb2024_0011358.pdb,3.63,0.47,0.26,0.21
00019_cpr7p_0005132.pdb,6.82,2.27,0.64,0.36
00418_r1feb2024_0058820.pdb,4.87,0.83,0.39,0.26
00048_cpr7p_0033949.pdb,8.55,2.79,0.82,0.38
00368_r1feb2024_0009100.pdb,5.51,1.3,0.47,0.37
00418_r1feb2024_0058977.pdb,3.52,0.91,0.42,0.26
00032_cpr7p_0018446.pdb,5.15,2.07,0.7,0.34
00389_r1feb2024_0030000.pdb,4.19,1.03,0.43,0.26
00044_cpr7p_0030342.pdb,8.03,4.81,1.06,0.46
00032_cpr7p_0017600.pdb,4.05,1.65,0.6,0.39
00413_r1feb2024_0053518.pdb,5.05,1.57,0.42,0.31
00380_r1feb2024_0020626.pdb,4.24,1.06,0.49,0.26
00387_r1feb2024_0028114.pdb,4.97,0.91,0.37,0.26
00365_r1feb2024_0005488.pdb,5.0,1.6,0.54,0.32
00397_r1feb2024_0037363.pdb,4.24,1.0,0.45,0.25
00418_r1feb2024_0059021.pdb,3.36,0.47,0.35,0.2
00418_r1feb2024_0058257.pdb,4.14,0.99,0.31,0.26
00418_r1feb2024_0058853.pdb,3.76,0.72,0.22,0.3
00385_r1feb2024_0025761.pdb,4.82,1.5,0.48,0.31
00026_cpr7p_0012459.pdb,5.58,1.94,0.71,0.33
00371_r1feb2024_0011716.pdb,3.85,0.54,0.24,0.21
00402_r1feb2024_0042662.pdb,4.1,0.7,0.44,0.25
00418_r1feb2024_0058737.pdb,3.81,0.6,0.34,0.2
00028_cpr7p_0014456.pdb,4.89,0.89,0.39,0.27
00388_r1feb2024_0028359.pdb,5.94,1.16,0.5,0.28
00419_r1feb2024_0059513.pdb,5.01,1.4,0.48,0.37
00417_r1feb2024_0058050.pdb,3.87,0.53,0.39,0.21
00370_r1feb2024_0010471.pdb,4.73,1.69,0.55,0.31
00388_r1feb2024_0028977.pdb,3.45,0.54,0.31,0.2
00049_cpr7p_0034999.pdb,5.29,1.23,0.48,0.29
00402_r1feb2024_0042930.pdb,4.48,0.65,0.39,0.25
00371_r1feb2024_0011817.pdb,4.55,1.09,0.38,0.26
00418_r1feb2024_0058485.pdb,3.36,0.43,0.26,0.21
00400_r1feb2024_0040733.pdb,4.8,0.97,0.32,0.28
00003_cppc_0002211.pdb,8.05,8.31,1.32,0.64
00418_r1feb2024_0058921.pdb,4.46,0.76,0.38,0.25
00013_cppc_0012525.pdb,9.43,7.88,1.49,0.64
00014_cpr7p_0000382.pdb,8.72,6.51,1.27,0.51
00419_r1feb2024_0059988.pdb,5.06,1.72,0.48,0.32
00003_cppc_0002441.pdb,10.6,9.38,1.49,0.66
00418_r1feb2024_0058243.pdb,4.48,0.44,0.3,0.21
00428_r1feb2024_0068733.pdb,4.23,0.77,0.29,0.25
00418_r1feb2024_0058851.pdb,4.4,0.46,0.36,0.21
00365_r1feb2024_0005916.pdb,3.76,0.47,0.35,0.21
00388_r1feb2024_0028856.pdb,3.66,0.44,0.37,0.2
00369_r1feb2024_0010166.pdb,5.01,1.17,0.5,0.3
00417_r1feb2024_0057494.pdb,5.5,0.86,0.43,0.26
00409_r1feb2024_0049683.pdb,5.93,1.84,0.64,0.41
00006_cppc_0005528.pdb,9.32,8.48,1.37,0.57
00422_r1feb2024_0062958.pdb,3.81,0.52,0.38,0.22
00391_r1feb2024_0031846.pdb,4.97,1.16,0.5,0.29
00417_r1feb2024_0057963.pdb,4.24,1.06,0.42,0.35
00003_cppc_0002687.pdb,8.83,8.22,1.2,0.57
00381_r1feb2024_0021319.pdb,4.3,0.42,0.2,0.2
00409_r1feb2024_0049280.pdb,4.97,0.75,0.29,0.25
00040_cpr7p_0025701.pdb,7.18,4.31,1.11,0.52
00404_r1feb2024_0044855.pdb,4.13,1.55,0.39,0.31
00404_r1feb2024_0044601.pdb,3.46,0.76,0.42,0.25
00024_cpr7p_0010100.pdb,7.04,6.0,1.09,0.51
00045_cpr7p_0031326.pdb,3.38,0.88,0.43,0.34
00042_cpr7p_0028287.pdb,7.42,4.47,1.13,0.46
00044_cpr7p_0030409.pdb,7.19,2.09,0.77,0.36
00416_r1feb2024_0056622.pdb,1.7,0.54,0.35,0.23
00398_r1feb2024_0038728.pdb,3.47,0.48,0.21,0.25
00102_dnfs_0051595.pdb,4.08,0.61,0.31,0.24
00397_r1feb2024_0037440.pdb,3.42,0.65,0.38,0.24
00036_cpr7p_0022297.pdb,7.28,4.28,0.95,0.52
00419_r1feb2024_0059453.pdb,4.67,1.47,0.48,0.32
00425_r1feb2024_0065790.pdb,4.39,1.43,0.48,0.33
00399_r1feb2024_0040110.pdb,3.99,1.01,0.39,0.28
00237_dnfs_0186284.pdb,3.99,1.16,0.42,0.36
00041_cpr7p_0027422.pdb,4.25,0.85,0.55,0.27
00044_cpr7p_0029767.pdb,7.32,6.24,1.27,0.52
00416_r1feb2024_0057066.pdb,4.08,1.51,0.38,0.32
00022_cpr7p_0008523.pdb,4.14,1.48,0.61,0.4
00418_r1feb2024_0058936.pdb,2.88,0.43,0.28,0.2
00403_r1feb2024_0043576.pdb,4.06,1.24,0.47,0.29
00040_cpr7p_0026324.pdb,6.14,4.16,0.88,0.49
00400_r1feb2024_0040218.pdb,4.08,0.63,0.38,0.25
00370_r1feb2024_0010776.pdb,4.06,1.07,0.45,0.36
00394_r1feb2024_0034574.pdb,3.93,1.46,0.5,0.31
00414_r1feb2024_0055048.pdb,4.15,0.56,0.46,0.23
00370_r1feb2024_0011048.pdb,4.03,0.85,0.4,0.26
00418_r1feb2024_0058470.pdb,3.12,0.79,0.37,0.26
00016_cpr7p_0002092.pdb,7.09,2.8,0.83,0.4
00373_r1feb2024_0013254.pdb,4.26,1.03,0.49,0.31
00417_r1feb2024_0058014.pdb,3.69,0.95,0.53,0.35
00418_r1feb2024_0058647.pdb,3.45,0.56,0.34,0.23
00038_cpr7p_0024212.pdb,5.33,4.37,1.07,0.46
00418_r1feb2024_0058249.pdb,2.7,0.54,0.34,0.22
00386_r1feb2024_0026443.pdb,2.64,0.61,0.38,0.24
00358_okr6d_0000520.pdb,4.2,1.37,0.53,0.32
00427_r1feb2024_0068091.pdb,3.24,0.69,0.41,0.31
00419_r1feb2024_0059739.pdb,4.24,1.25,0.47,0.3
00424_r1feb2024_0064199.pdb,4.3,1.44,0.56,0.33
00422_r1feb2024_0062315.pdb,3.42,0.59,0.22,0.24
00026_cpr7p_0012481.pdb,3.64,0.85,0.42,0.27
00404_r1feb2024_0044255.pdb,4.01,0.62,0.35,0.26
00045_cpr7p_0031428.pdb,6.54,4.38,0.91,0.59
00009_cppc_0008577.pdb,7.77,9.18,1.55,0.59
00418_r1feb2024_0058389.pdb,3.62,0.5,0.3,0.22
00387_r1feb2024_0027521.pdb,3.68,0.63,0.43,0.24
00018_cpr7p_0004444.pdb,4.64,1.66,0.57,0.4
00039_cpr7p_0024927.pdb,3.52,0.79,0.44,0.26
00387_r1feb2024_0028002.pdb,3.86,1.01,0.38,0.26
00425_r1feb2024_0065803.pdb,4.37,1.74,0.48,0.32
00367_r1feb2024_0007492.pdb,3.54,0.73,0.44,0.25
00028_cpr7p_0014526.pdb,7.03,3.99,0.99,0.44
00381_r1feb2024_0021930.pdb,3.06,0.43,0.21,0.21
00017_cpr7p_0002748.pdb,6.26,2.83,0.82,0.48
00036_cpr7p_0022465.pdb,4.3,1.5,0.58,0.34
00371_r1feb2024_0011265.pdb,3.87,0.48,0.38,0.24
00031_cpr7p_0016613.pdb,6.68,2.68,0.83,0.41
00418_r1feb2024_0058956.pdb,3.93,0.78,0.39,0.27
00362_r1feb2024_0002341.pdb,5.28,1.0,0.32,0.36
00357_okr6d_0000055.pdb,4.18,1.55,0.61,0.34
00390_r1feb2024_0031162.pdb,3.91,0.74,0.28,0.27
00412_r1feb2024_0052273.pdb,3.54,0.51,0.21,0.25
00004_cppc_0003324.pdb,7.68,8.22,1.31,0.64
00011_cppc_0010292.pdb,7.66,9.11,1.25,0.57
00040_cpr7p_0026198.pdb,3.87,1.03,0.42,0.28
00422_r1feb2024_0062412.pdb,3.64,0.64,0.36,0.24
00419_r1feb2024_0059469.pdb,4.29,1.26,0.52,0.38
00015_cpr7p_0000850.pdb,4.42,1.13,0.48,0.32
00388_r1feb2024_0028913.pdb,3.88,1.01,0.49,0.32
00394_r1feb2024_0034801.pdb,3.56,0.9,0.47,0.3
00418_r1feb2024_0058200.pdb,2.84,0.52,0.32,0.24
00009_cppc_0008773.pdb,7.81,8.68,1.36,0.64
00418_r1feb2024_0058287.pdb,3.34,0.7,0.41,0.23
00032_cpr7p_0017850.pdb,7.74,5.48,1.15,0.51
00387_r1feb2024_0027861.pdb,3.84,0.61,0.31,0.25
00386_r1feb2024_0026451.pdb,4.01,0.61,0.28,0.28
00382_r1feb2024_0022984.pdb,3.76,0.88,0.35,0.31
00371_r1feb2024_0011433.pdb,2.8,0.47,0.28,0.3
00371_r1feb2024_0011428.pdb,3.2,0.5,0.36,0.26
00357_okr6d_0000358.pdb,5.48,1.58,0.56,0.34
00371_r1feb2024_0011715.pdb,3.67,0.63,0.32,0.25
00375_r1feb2024_0015497.pdb,3.4,0.54,0.33,0.25
00169_dnfs_0118456.pdb,3.9,0.94,0.47,0.29
00371_r1feb2024_0011499.pdb,3.39,0.46,0.29,0.24
00418_r1feb2024_0058976.pdb,3.36,0.46,0.31,0.23
00050_cpr7p_0035917.pdb,6.56,2.87,0.77,0.4
00428_r1feb2024_0068385.pdb,3.53,0.61,0.35,0.28
00358_okr6d_0000574.pdb,4.42,1.33,0.55,0.39
00357_okr6d_0000027.pdb,3.18,1.56,0.74,0.4
00371_r1feb2024_0011344.pdb,4.69,1.37,0.49,0.32
00388_r1feb2024_0028710.pdb,3.29,0.57,0.28,0.28
00027_cpr7p_0012664.pdb,4.48,0.71,0.4,0.27
00402_r1feb2024_0042266.pdb,4.52,1.28,0.4,0.41
00031_cpr7p_0017281.pdb,4.84,1.63,0.7,0.34
00400_r1feb2024_0040240.pdb,3.69,0.76,0.39,0.29
00370_r1feb2024_0011131.pdb,3.42,0.46,0.29,0.25
00362_r1feb2024_0002514.pdb,3.56,0.5,0.36,0.25
00028_cpr7p_0013649.pdb,6.92,3.12,0.72,0.4
00375_r1feb2024_0015891.pdb,4.11,1.01,0.39,0.3
00018_cpr7p_0003904.pdb,6.97,2.8,0.75,0.48
00333_dnfs_0282442.pdb,3.55,0.75,0.38,0.26
00400_r1feb2024_0041134.pdb,4.7,1.01,0.37,0.3
00025_cpr7p_0011483.pdb,7.17,4.39,1.03,0.46
00369_r1feb2024_0009965.pdb,4.43,1.48,0.47,0.38
00388_r1feb2024_0028624.pdb,4.17,0.88,0.37,0.28
00391_r1feb2024_0032060.pdb,3.96,0.63,0.39,0.28
00370_r1feb2024_0011125.pdb,2.94,0.52,0.31,0.24
00046_cpr7p_0031617.pdb,4.62,1.66,0.62,0.36
00048_cpr7p_0033724.pdb,7.8,5.23,1.14,0.57
00416_r1feb2024_0056977.pdb,4.79,1.06,0.44,0.3
00401_r1feb2024_0041830.pdb,4.44,0.96,0.45,0.29
00419_r1feb2024_0059474.pdb,4.55,1.28,0.5,0.32
00358_okr6d_0000560.pdb,4.88,1.46,0.54,0.33
00367_r1feb2024_0007986.pdb,3.37,0.6,0.4,0.27
00357_okr6d_0000116.pdb,4.56,1.6,0.58,0.43
00417_r1feb2024_0057720.pdb,3.39,1.0,0.42,0.28
00035_cpr7p_0020852.pdb,3.1,0.85,0.47,0.29
00371_r1feb2024_0011854.pdb,3.93,0.83,0.36,0.3
00397_r1feb2024_0037882.pdb,3.36,0.64,0.36,0.26
00419_r1feb2024_0059503.pdb,4.14,1.82,0.48,0.38
00017_cpr7p_0003469.pdb,4.69,1.2,0.51,0.31
00428_r1feb2024_0068609.pdb,3.25,0.72,0.42,0.28
00365_r1feb2024_0005319.pdb,4.28,1.27,0.54,0.38
00400_r1feb2024_0040232.pdb,4.49,1.28,0.51,0.32
00366_r1feb2024_0006942.pdb,3.61,0.52,0.33,0.26
00418_r1feb2024_0058222.pdb,2.64,0.73,0.37,0.25
00011_cppc_0010646.pdb,8.3,8.44,1.32,0.64
00387_r1feb2024_0027776.pdb,3.44,0.62,0.29,0.28
00028_cpr7p_0014454.pdb,6.84,2.56,0.76,0.39
00400_r1feb2024_0040226.pdb,3.76,0.74,0.41,0.27
00418_r1feb2024_0058290.pdb,2.22,0.48,0.24,0.26
00418_r1feb2024_0058180.pdb,2.91,0.4,0.25,0.22
00410_r1feb2024_0050558.pdb,3.8,1.18,0.52,0.32
00022_cpr7p_0008234.pdb,6.8,5.91,1.27,0.61
00358_okr6d_0000505.pdb,4.42,1.26,0.54,0.31
00418_r1feb2024_0058186.pdb,3.68,0.47,0.27,0.24
00369_r1feb2024_0010110.pdb,3.83,1.53,0.46,0.33
00418_r1feb2024_0058533.pdb,3.36,0.5,0.34,0.25
00004_cppc_0003971.pdb,7.17,7.99,1.32,0.64
00418_r1feb2024_0058780.pdb,3.22,0.42,0.22,0.23
00385_r1feb2024_0026044.pdb,3.89,0.92,0.43,0.28
00403_r1feb2024_0043198.pdb,4.48,1.23,0.51,0.31
00011_cppc_0010993.pdb,7.8,8.22,1.18,0.67
00382_r1feb2024_0022452.pdb,3.38,0.53,0.25,0.23
00371_r1feb2024_0011694.pdb,3.32,0.86,0.48,0.28
00397_r1feb2024_0037536.pdb,4.05,1.57,0.67,0.34
00416_r1feb2024_0056575.pdb,3.5,0.66,0.46,0.27
00044_cpr7p_0030004.pdb,6.34,2.94,1.03,0.42
00001_cppc_0000014.pdb,8.02,8.65,1.33,0.64
00418_r1feb2024_0058322.pdb,3.12,0.41,0.28,0.2
00015_cpr7p_0000719.pdb,6.28,2.19,0.65,0.37
00394_r1feb2024_0034243.pdb,5.04,1.44,0.51,0.32
00047_cpr7p_0033555.pdb,7.0,2.7,0.8,0.49
00357_okr6d_0000090.pdb,4.48,1.47,0.48,0.32
00388_r1feb2024_0028535.pdb,3.57,0.47,0.26,0.23
00014_cppc_0013171.pdb,8.78,9.61,1.23,0.64
00013_cppc_0012398.pdb,8.32,8.21,1.31,0.58
00388_r1feb2024_0028962.pdb,2.76,0.45,0.32,0.22
00425_r1feb2024_0065367.pdb,3.46,0.96,0.48,0.3
00029_cpr7p_0015565.pdb,5.92,3.27,0.81,0.47
00386_r1feb2024_0026889.pdb,2.61,0.66,0.23,0.21
00418_r1feb2024_0058209.pdb,3.35,0.45,0.3,0.24
00408_r1feb2024_0048842.pdb,4.18,1.63,0.62,0.33
00387_r1feb2024_0028051.pdb,3.36,0.49,0.29,0.21
00417_r1feb2024_0058072.pdb,3.64,0.84,0.31,0.29
00386_r1feb2024_0026930.pdb,3.82,0.71,0.33,0.27
00420_r1feb2024_0060299.pdb,4.2,1.66,0.37,0.34
00406_r1feb2024_0046853.pdb,5.12,1.46,0.48,0.38
00251_dnfs_0200792.pdb,3.88,0.91,0.4,0.32
00418_r1feb2024_0058508.pdb,3.16,0.57,0.34,0.23
00049_cpr7p_0035436.pdb,3.79,0.84,0.44,0.3
00357_okr6d_0000149.pdb,4.93,1.43,0.52,0.33
00412_r1feb2024_0052515.pdb,3.44,0.56,0.23,0.27
00003_cppc_0002185.pdb,7.32,8.23,1.37,0.66
00418_r1feb2024_0058594.pdb,3.79,0.49,0.25,0.24
00400_r1feb2024_0040875.pdb,3.82,0.55,0.39,0.28
00418_r1feb2024_0058663.pdb,3.58,0.48,0.24,0.24
00357_okr6d_0000152.pdb,4.82,1.59,0.47,0.34
00418_r1feb2024_0058776.pdb,4.4,0.56,0.37,0.25
00414_r1feb2024_0054259.pdb,5.66,1.02,0.4,0.31
00361_r1feb2024_0001391.pdb,4.34,1.51,0.62,0.4
00010_cppc_0009704.pdb,7.74,8.51,1.25,0.59
00365_r1feb2024_0005738.pdb,3.65,0.72,0.38,0.25
00006_cppc_0005692.pdb,8.37,7.8,1.24,0.66
00002_cppc_0001845.pdb,7.99,8.39,1.41,0.56
00402_r1feb2024_0042684.pdb,4.32,1.05,0.35,0.37
00388_r1feb2024_0028331.pdb,3.04,0.53,0.24,0.23
00347_dnfs_0296723.pdb,3.9,0.88,0.41,0.28
00419_r1feb2024_0059987.pdb,4.5,1.34,0.46,0.32
00388_r1feb2024_0028430.pdb,4.51,1.34,0.48,0.32
00050_cpr7p_0036179.pdb,6.76,3.23,0.81,0.4
00019_cpr7p_0005402.pdb,3.34,0.75,0.41,0.35
00418_r1feb2024_0059004.pdb,3.64,0.5,0.41,0.22
00315_dnfs_0263962.pdb,4.24,0.64,0.32,0.23
00020_cpr7p_0006449.pdb,7.91,4.41,1.0,0.46
00041_cpr7p_0027207.pdb,4.1,1.65,0.56,0.32
00418_r1feb2024_0058657.pdb,3.46,0.5,0.3,0.22
00007_cppc_0006267.pdb,8.98,7.67,1.46,0.63
00405_r1feb2024_0045434.pdb,4.16,1.59,0.58,0.32
00388_r1feb2024_0028618.pdb,3.79,0.43,0.32,0.21
00362_r1feb2024_0002569.pdb,3.77,0.46,0.36,0.22
00047_cpr7p_0033389.pdb,6.86,4.16,1.01,0.45
00390_r1feb2024_0030717.pdb,4.17,1.25,0.52,0.38
00400_r1feb2024_0040290.pdb,4.29,0.8,0.32,0.29
00411_r1feb2024_0052105.pdb,3.94,0.51,0.37,0.25
00046_cpr7p_0032049.pdb,4.25,1.78,0.7,0.35
00418_r1feb2024_0058640.pdb,5.29,1.08,0.44,0.38
00410_r1feb2024_0051006.pdb,4.61,0.96,0.42,0.33
00022_cpr7p_0007642.pdb,7.13,2.14,0.6,0.44
00045_cpr7p_0030769.pdb,6.46,2.16,0.56,0.36
00370_r1feb2024_0010281.pdb,4.25,1.45,0.46,0.31
00039_cpr7p_0025033.pdb,4.32,1.17,0.49,0.31
00408_r1feb2024_0048538.pdb,4.07,1.39,0.54,0.38
00413_r1feb2024_0053846.pdb,2.88,0.68,0.35,0.26
00408_r1feb2024_0048637.pdb,3.94,0.98,0.49,0.3
00417_r1feb2024_0058175.pdb,3.64,0.8,0.37,0.28
00418_r1feb2024_0058365.pdb,3.21,0.45,0.19,0.23
00044_cpr7p_0030348.pdb,7.6,4.44,1.03,0.46
00418_r1feb2024_0058874.pdb,3.29,0.49,0.33,0.23
00370_r1feb2024_0010902.pdb,3.92,1.25,0.44,0.37
00386_r1feb2024_0027026.pdb,2.91,0.59,0.35,0.26
00418_r1feb2024_0058691.pdb,2.74,0.48,0.34,0.24
00032_cpr7p_0018218.pdb,3.52,1.02,0.53,0.3
00048_cpr7p_0033687.pdb,7.43,4.16,0.93,0.45
00418_r1feb2024_0058199.pdb,3.35,0.48,0.39,0.22
00017_cpr7p_0002909.pdb,4.21,0.74,0.36,0.27
00421_r1feb2024_0061663.pdb,3.65,0.88,0.46,0.35
00371_r1feb2024_0011379.pdb,3.96,0.86,0.46,0.28
00021_cpr7p_0007128.pdb,6.57,2.44,0.74,0.39
00047_cpr7p_0032836.pdb,7.16,3.05,0.98,0.41
00386_r1feb2024_0026854.pdb,4.39,1.05,0.35,0.36
00402_r1feb2024_0042515.pdb,5.66,1.28,0.42,0.32
00037_cpr7p_0023228.pdb,7.52,5.52,1.01,0.51
00400_r1feb2024_0041045.pdb,4.51,0.83,0.37,0.28
00358_okr6d_0000564.pdb,5.07,1.48,0.56,0.4
00035_cpr7p_0021375.pdb,5.86,1.03,0.52,0.29
00043_cpr7p_0029427.pdb,5.67,1.12,0.52,0.31
00358_okr6d_0000602.pdb,4.62,1.42,0.55,0.33
00002_cppc_0001589.pdb,8.05,9.49,1.24,0.64
00040_cpr7p_0026412.pdb,5.43,1.08,0.49,0.3
00401_r1feb2024_0041850.pdb,3.78,0.91,0.45,0.28
00416_r1feb2024_0056395.pdb,5.22,1.54,0.48,0.32
00401_r1feb2024_0041209.pdb,4.66,0.96,0.37,0.29
00006_cppc_0005695.pdb,9.35,8.56,1.28,0.65
00042_cpr7p_0028473.pdb,8.45,5.55,1.2,0.5
00395_r1feb2024_0035810.pdb,4.96,0.57,0.33,0.23
00361_r1feb2024_0001623.pdb,4.46,0.46,0.27,0.29
00036_cpr7p_0021998.pdb,5.57,0.99,0.43,0.3
00003_cppc_0002446.pdb,8.95,8.11,1.36,0.57
00419_r1feb2024_0059890.pdb,5.89,1.34,0.48,0.3
00370_r1feb2024_0010773.pdb,4.82,1.18,0.41,0.37
00382_r1feb2024_0022391.pdb,4.44,0.57,0.33,0.24
00418_r1feb2024_0058327.pdb,3.94,0.44,0.3,0.23
00388_r1feb2024_0028200.pdb,4.3,0.45,0.26,0.23
00387_r1feb2024_0027290.pdb,4.41,0.57,0.36,0.26
00038_cpr7p_0024019.pdb,8.61,4.32,0.9,0.46
00369_r1feb2024_0009561.pdb,5.29,0.86,0.38,0.27
00018_cpr7p_0003599.pdb,4.58,1.57,0.59,0.41
00357_okr6d_0000347.pdb,5.71,1.47,0.6,0.32
00421_r1feb2024_0062096.pdb,5.0,0.64,0.24,0.26
00398_r1feb2024_0038669.pdb,7.03,1.5,0.57,0.32
00357_okr6d_0000033.pdb,5.68,1.77,0.5,0.34
00417_r1feb2024_0058144.pdb,3.46,0.44,0.31,0.23
00371_r1feb2024_0011595.pdb,4.57,1.24,0.46,0.39
00382_r1feb2024_0022931.pdb,3.79,0.84,0.43,0.27
00090_dnfs_0039290.pdb,4.96,0.9,0.46,0.28
00401_r1feb2024_0041755.pdb,4.25,0.91,0.44,0.29
00019_cpr7p_0005247.pdb,6.12,1.12,0.4,0.31
00012_cppc_0011670.pdb,9.68,8.92,1.35,0.64
00383_r1feb2024_0023694.pdb,3.91,0.47,0.3,0.21
00362_r1feb2024_0002459.pdb,6.53,1.68,0.43,0.33
00425_r1feb2024_0065879.pdb,4.45,1.39,0.55,0.32
00037_cpr7p_0022630.pdb,10.18,8.24,1.44,0.64
00041_cpr7p_0026578.pdb,5.36,1.15,0.58,0.29
00357_okr6d_0000164.pdb,5.51,1.47,0.52,0.32
00042_cpr7p_0028123.pdb,8.51,6.04,1.28,0.59
00395_r1feb2024_0035980.pdb,4.86,0.54,0.36,0.23
00370_r1feb2024_0011136.pdb,3.92,0.47,0.21,0.23
00419_r1feb2024_0059964.pdb,3.8,1.67,0.56,0.33
00039_cpr7p_0024958.pdb,5.49,1.11,0.48,0.31
00030_cpr7p_0015740.pdb,5.91,1.82,0.6,0.35
00388_r1feb2024_0029017.pdb,4.41,0.79,0.46,0.28
00394_r1feb2024_0034306.pdb,3.98,0.64,0.38,0.25
00038_cpr7p_0024525.pdb,8.69,4.4,0.98,0.53
00426_r1feb2024_0066928.pdb,3.92,0.69,0.43,0.25
00047_cpr7p_0032799.pdb,8.81,5.87,1.07,0.51
00035_cpr7p_0020844.pdb,8.67,5.93,1.08,0.57
00418_r1feb2024_0059057.pdb,5.47,1.25,0.5,0.3
00419_r1feb2024_0059770.pdb,4.91,1.5,0.51,0.32
00394_r1feb2024_0034258.pdb,4.32,0.93,0.45,0.28
00382_r1feb2024_0022472.pdb,4.6,0.68,0.33,0.32
00028_cpr7p_0014295.pdb,7.43,2.36,0.73,0.39
00418_r1feb2024_0058467.pdb,4.21,0.48,0.29,0.24
00385_r1feb2024_0025507.pdb,4.34,1.49,0.51,0.33
00418_r1feb2024_0058264.pdb,4.34,0.8,0.44,0.27
00001_cppc_0000964.pdb,9.2,8.19,1.33,0.64
00418_r1feb2024_0058347.pdb,3.41,0.42,0.2,0.2
00371_r1feb2024_0011910.pdb,3.55,0.46,0.38,0.23
00012_cppc_0011877.pdb,8.64,8.04,1.44,0.57
00381_r1feb2024_0021543.pdb,3.7,0.42,0.29,0.21
00418_r1feb2024_0058501.pdb,5.72,1.44,0.53,0.38
00425_r1feb2024_0065663.pdb,3.44,0.47,0.24,0.23
00367_r1feb2024_0007432.pdb,5.58,0.99,0.42,0.3
00397_r1feb2024_0037868.pdb,5.0,1.59,0.49,0.33
00409_r1feb2024_0049960.pdb,3.97,0.7,0.39,0.27
00419_r1feb2024_0059444.pdb,5.47,1.53,0.48,0.33
00379_r1feb2024_0019391.pdb,5.4,1.49,0.42,0.38
00034_cpr7p_0019784.pdb,8.72,3.0,0.88,0.4
00417_r1feb2024_0057218.pdb,2.84,0.92,0.41,0.28
00417_r1feb2024_0058131.pdb,3.97,0.44,0.29,0.23
00404_r1feb2024_0044303.pdb,4.26,0.67,0.4,0.26
00415_r1feb2024_0056084.pdb,4.39,0.75,0.41,0.27
00006_cppc_0005696.pdb,8.33,8.24,1.23,0.64
00032_cpr7p_0018248.pdb,8.02,2.46,0.64,0.38
00206_dnfs_0155236.pdb,4.92,1.08,0.4,0.28
00388_r1feb2024_0028315.pdb,3.64,0.51,0.29,0.26
00402_r1feb2024_0042414.pdb,4.25,1.3,0.5,0.38
00419_r1feb2024_0059866.pdb,5.31,1.33,0.41,0.35
00188_dnfs_0137326.pdb,3.82,0.6,0.31,0.29
00401_r1feb2024_0041309.pdb,4.79,0.74,0.42,0.31
00388_r1feb2024_0028447.pdb,3.74,0.49,0.33,0.24
00002_cppc_0001162.pdb,8.48,8.53,1.3,0.64
00386_r1feb2024_0026829.pdb,5.14,0.82,0.4,0.27
00436_r1feb2024_0076338.pdb,4.18,0.69,0.42,0.26
00370_r1feb2024_0010828.pdb,4.38,0.86,0.41,0.3
00412_r1feb2024_0052522.pdb,5.62,0.97,0.39,0.3
00418_r1feb2024_0058634.pdb,5.39,1.04,0.42,0.3
00003_cppc_0002555.pdb,9.63,8.06,1.24,0.64
00394_r1feb2024_0034260.pdb,5.36,1.38,0.5,0.32
00402_r1feb2024_0042620.pdb,4.48,0.77,0.38,0.37
00036_cpr7p_0022550.pdb,6.8,2.18,0.65,0.38
00026_cpr7p_0012228.pdb,8.6,4.44,1.01,0.54
00403_r1feb2024_0043604.pdb,4.44,0.77,0.39,0.26
00010_cppc_0009697.pdb,7.97,8.28,1.39,0.57
00376_r1feb2024_0016710.pdb,5.1,0.79,0.43,0.34
00402_r1feb2024_0042516.pdb,3.97,0.64,0.39,0.25
00408_r1feb2024_0048566.pdb,4.22,1.74,0.48,0.34
00388_r1feb2024_0028825.pdb,3.83,0.42,0.26,0.22
00050_cpr7p_0036512.pdb,5.42,1.04,0.47,0.3
00409_r1feb2024_0049413.pdb,4.12,0.72,0.41,0.27
00001_cppc_0000195.pdb,7.88,7.93,1.35,0.65
00344_dnfs_0293692.pdb,3.68,0.6,0.3,0.24
00352_dnfs_0301708.pdb,4.65,0.61,0.34,0.24
00045_cpr7p_0031165.pdb,5.64,1.52,0.56,0.34
00370_r1feb2024_0011116.pdb,4.64,0.44,0.22,0.23
00371_r1feb2024_0011198.pdb,4.0,0.55,0.38,0.24
00166_dnfs_0115519.pdb,4.48,0.69,0.38,0.27
00043_cpr7p_0029232.pdb,5.44,1.18,0.5,0.38
00014_cpr7p_0000224.pdb,8.76,5.88,1.06,0.51
00357_okr6d_0000085.pdb,4.49,1.61,0.64,0.33
00021_cpr7p_0007329.pdb,4.78,0.98,0.37,0.29
00360_r1feb2024_0000333.pdb,5.6,1.58,0.54,0.4
00388_r1feb2024_0028467.pdb,3.61,0.67,0.32,0.26
00425_r1feb2024_0065759.pdb,5.67,0.96,0.48,0.3
00401_r1feb2024_0041512.pdb,4.31,1.61,0.48,0.34
00367_r1feb2024_0007790.pdb,5.1,0.86,0.47,0.28
00010_cppc_0009155.pdb,8.59,8.27,1.26,0.64
00038_cpr7p_0023618.pdb,5.39,1.77,0.64,0.34
00032_cpr7p_0017571.pdb,8.98,5.33,1.22,0.57
00003_cppc_0002546.pdb,9.01,8.14,1.32,0.57
00359_r1feb2024_0000135.pdb,3.97,0.47,0.31,0.22
00047_cpr7p_0032782.pdb,5.44,1.51,0.52,0.32
00010_cppc_0009650.pdb,8.64,8.46,1.25,0.64
00389_r1feb2024_0029819.pdb,3.79,0.42,0.29,0.2
00387_r1feb2024_0027749.pdb,5.27,1.05,0.44,0.29
00038_cpr7p_0023813.pdb,4.41,1.09,0.53,0.3
00030_cpr7p_0016096.pdb,5.42,1.59,0.58,0.34
00369_r1feb2024_0009811.pdb,3.17,1.24,0.47,0.38
00046_cpr7p_0032415.pdb,3.99,0.71,0.35,0.27
00013_cppc_0012027.pdb,8.28,8.59,1.18,0.57
00380_r1feb2024_0020326.pdb,5.06,1.46,0.46,0.39
00388_r1feb2024_0028477.pdb,3.14,0.49,0.25,0.23
00387_r1feb2024_0028159.pdb,5.36,1.13,0.5,0.3
00016_cpr7p_0002463.pdb,3.98,1.48,0.55,0.34
00402_r1feb2024_0042778.pdb,5.89,1.01,0.5,0.3
00418_r1feb2024_0059156.pdb,4.97,1.22,0.48,0.31
00411_r1feb2024_0051326.pdb,5.47,1.12,0.45,0.31
00013_cppc_0012291.pdb,8.62,8.77,1.33,0.65
00014_cppc_0013418.pdb,8.74,8.46,1.35,0.64
00413_r1feb2024_0053772.pdb,4.29,0.68,0.41,0.25
00371_r1feb2024_0011353.pdb,5.11,1.4,0.54,0.33
00428_r1feb2024_0068635.pdb,4.61,0.68,0.37,0.24
00401_r1feb2024_0042092.pdb,4.34,0.67,0.31,0.26
00043_cpr7p_0029035.pdb,4.88,1.09,0.46,0.31
00400_r1feb2024_0041147.pdb,5.52,0.72,0.5,0.29
00418_r1feb2024_0058617.pdb,3.58,0.75,0.38,0.33
00386_r1feb2024_0026504.pdb,4.9,0.78,0.42,0.28
00418_r1feb2024_0058479.pdb,3.15,0.41,0.25,0.22
00032_cpr7p_0017973.pdb,7.46,2.4,0.74,0.39
00424_r1feb2024_0064417.pdb,5.62,1.53,0.59,0.34
00038_cpr7p_0023905.pdb,4.28,1.72,0.58,0.41
00418_r1feb2024_0059115.pdb,5.64,1.62,0.46,0.35
00397_r1feb2024_0037598.pdb,3.49,0.6,0.37,0.26
00383_r1feb2024_0023372.pdb,5.45,1.74,0.62,0.33
00424_r1feb2024_0065042.pdb,5.4,1.46,0.44,0.32
00027_cpr7p_0012659.pdb,7.31,2.51,0.73,0.48
00046_cpr7p_0031846.pdb,7.49,2.21,0.67,0.36
00419_r1feb2024_0059971.pdb,4.38,1.58,0.5,0.33
00416_r1feb2024_0057078.pdb,4.93,0.92,0.44,0.28
00397_r1feb2024_0037325.pdb,4.7,1.5,0.52,0.34
00401_r1feb2024_0041291.pdb,3.52,0.89,0.44,0.37
00357_okr6d_0000069.pdb,5.31,1.53,0.6,0.34
00032_cpr7p_0018216.pdb,5.22,1.11,0.52,0.31
00012_cppc_0011855.pdb,9.47,8.11,1.5,0.66
00418_r1feb2024_0058599.pdb,3.63,0.4,0.2,0.2
00011_cppc_0010617.pdb,9.37,8.9,1.26,0.57
00020_cpr7p_0005578.pdb,3.85,0.87,0.5,0.27
00028_cpr7p_0014560.pdb,5.03,1.18,0.53,0.32
00418_r1feb2024_0058566.pdb,4.63,0.56,0.36,0.25
00001_cppc_0000780.pdb,9.13,8.22,1.28,0.65
00286_dnfs_0235102.pdb,4.16,0.62,0.31,0.24
00386_r1feb2024_0026392.pdb,5.31,1.06,0.42,0.28
00376_r1feb2024_0016935.pdb,4.92,0.89,0.41,0.28
00415_r1feb2024_0056124.pdb,4.94,1.57,0.53,0.41
00048_cpr7p_0034191.pdb,5.07,1.09,0.52,0.3
00401_r1feb2024_0041947.pdb,4.13,0.97,0.46,0.29
00419_r1feb2024_0059288.pdb,4.97,1.38,0.56,0.34
00026_cpr7p_0011762.pdb,4.81,1.09,0.46,0.31
00418_r1feb2024_0058308.pdb,4.86,1.37,0.51,0.41
00367_r1feb2024_0007517.pdb,5.38,1.4,0.54,0.32
00401_r1feb2024_0041281.pdb,4.16,0.92,0.4,0.31
00068_dnfs_0017631.pdb,5.36,0.9,0.42,0.29
00015_cpr7p_0000730.pdb,8.2,6.01,1.05,0.59
00045_cpr7p_0030758.pdb,7.63,3.06,0.7,0.39
00380_r1feb2024_0020583.pdb,3.78,0.85,0.39,0.26
00391_r1feb2024_0031627.pdb,4.72,0.67,0.39,0.26
00401_r1feb2024_0041713.pdb,4.1,1.0,0.38,0.29
00021_cpr7p_0006610.pdb,7.68,2.72,0.69,0.48
00369_r1feb2024_0009228.pdb,5.76,1.04,0.46,0.29
00429_r1feb2024_0069520.pdb,3.85,0.5,0.31,0.24
00417_r1feb2024_0057656.pdb,4.4,0.81,0.45,0.28
00380_r1feb2024_0020678.pdb,4.42,0.65,0.41,0.26
00424_r1feb2024_0064701.pdb,3.71,0.5,0.3,0.24
00207_dnfs_0156425.pdb,4.23,0.72,0.43,0.27
00050_cpr7p_0036085.pdb,8.06,8.12,1.48,0.65
00372_r1feb2024_0013047.pdb,5.14,1.09,0.44,0.29
00380_r1feb2024_0020893.pdb,4.08,0.64,0.35,0.24
00046_cpr7p_0032205.pdb,4.79,0.96,0.48,0.3
00418_r1feb2024_0058540.pdb,3.04,0.5,0.3,0.24
00196_dnfs_0145661.pdb,4.68,0.88,0.42,0.28
00102_dnfs_0050977.pdb,3.4,0.73,0.44,0.27
00007_cppc_0006774.pdb,9.19,8.06,1.3,0.65
00396_r1feb2024_0036808.pdb,4.57,0.96,0.37,0.27
00418_r1feb2024_0058753.pdb,4.91,0.8,0.46,0.28
00418_r1feb2024_0058831.pdb,2.51,0.43,0.24,0.22
00435_r1feb2024_0075733.pdb,4.84,1.13,0.44,0.33
00380_r1feb2024_0020971.pdb,4.42,0.84,0.38,0.28
00365_r1feb2024_0005520.pdb,3.79,0.85,0.44,0.36
00411_r1feb2024_0051988.pdb,4.17,0.62,0.42,0.26
00004_cppc_0003518.pdb,8.6,8.56,1.25,0.58
00380_r1feb2024_0020571.pdb,4.59,1.51,0.49,0.31
00418_r1feb2024_0058825.pdb,4.51,0.56,0.34,0.31
00021_cpr7p_0007376.pdb,5.29,1.12,0.52,0.31
00031_cpr7p_0016592.pdb,4.43,0.88,0.39,0.28
00014_cpr7p_0000117.pdb,7.22,2.09,0.67,0.37
00401_r1feb2024_0041330.pdb,5.51,1.03,0.44,0.3
00043_cpr7p_0029031.pdb,4.43,1.09,0.48,0.38
00371_r1feb2024_0012079.pdb,3.43,0.71,0.32,0.26
00389_r1feb2024_0029271.pdb,4.44,0.69,0.39,0.27
00379_r1feb2024_0020071.pdb,4.92,1.48,0.5,0.33
00418_r1feb2024_0058687.pdb,4.38,0.7,0.44,0.27
00393_r1feb2024_0033229.pdb,4.43,1.15,0.54,0.31
00003_cppc_0002247.pdb,9.01,8.4,1.2,0.65
00418_r1feb2024_0058770.pdb,4.09,0.59,0.3,0.23
00370_r1feb2024_0011120.pdb,4.9,1.22,0.55,0.32
00386_r1feb2024_0027095.pdb,5.46,1.09,0.41,0.3
00022_cpr7p_0008261.pdb,9.22,5.37,1.02,0.59
00040_cpr7p_0026162.pdb,5.42,0.85,0.39,0.28
00397_r1feb2024_0038103.pdb,5.15,0.98,0.45,0.29
00392_r1feb2024_0033092.pdb,5.36,1.18,0.51,0.31
00380_r1feb2024_0020249.pdb,5.28,1.06,0.52,0.31
00371_r1feb2024_0011838.pdb,1.58,0.52,0.3,0.25
00369_r1feb2024_0010001.pdb,5.56,1.22,0.48,0.38
00409_r1feb2024_0049181.pdb,4.53,0.52,0.31,0.25
00035_cpr7p_0020998.pdb,9.21,6.15,1.08,0.52
00418_r1feb2024_0058611.pdb,5.79,1.1,0.46,0.29
00358_okr6d_0000643.pdb,4.16,1.49,0.55,0.33
00368_r1feb2024_0009052.pdb,4.25,0.5,0.35,0.31
00013_cppc_0012923.pdb,8.69,7.36,1.31,0.58
00406_r1feb2024_0046814.pdb,5.25,0.87,0.43,0.26
00418_r1feb2024_0058589.pdb,4.03,0.44,0.27,0.22
00362_r1feb2024_0002645.pdb,3.58,0.46,0.31,0.24
00095_dnfs_0044177.pdb,3.99,0.7,0.39,0.27
00002_cppc_0001878.pdb,8.8,7.73,1.25,0.67
00001_cppc_0000214.pdb,8.74,8.29,1.22,0.65
00413_r1feb2024_0053402.pdb,5.05,1.73,0.58,0.34
00414_r1feb2024_0054945.pdb,5.21,1.02,0.48,0.29
00002_cppc_0001389.pdb,8.92,8.28,1.23,0.57
00379_r1feb2024_0020058.pdb,3.43,0.63,0.42,0.32
00401_r1feb2024_0041823.pdb,4.42,1.01,0.36,0.28
00422_r1feb2024_0062462.pdb,4.96,1.71,0.53,0.33
00418_r1feb2024_0058941.pdb,3.9,0.5,0.32,0.24
00404_r1feb2024_0044882.pdb,5.18,1.53,0.48,0.35
00374_r1feb2024_0014742.pdb,3.62,1.0,0.42,0.29
00392_r1feb2024_0033168.pdb,6.15,1.19,0.55,0.37
00358_okr6d_0000658.pdb,5.05,1.42,0.52,0.33
00011_cppc_0010497.pdb,8.28,8.35,1.65,0.57
00034_cpr7p_0020239.pdb,6.87,2.97,0.77,0.46
00418_r1feb2024_0058437.pdb,3.48,0.46,0.33,0.22
00391_r1feb2024_0031890.pdb,5.22,1.1,0.52,0.31
00418_r1feb2024_0058908.pdb,3.57,0.49,0.29,0.24
00357_okr6d_0000144.pdb,5.03,1.62,0.7,0.37
00186_dnfs_0135226.pdb,4.2,0.7,0.37,0.29
00385_r1feb2024_0025534.pdb,3.85,0.63,0.36,0.26
00016_cpr7p_0001989.pdb,9.37,5.48,1.07,0.58
00387_r1feb2024_0028126.pdb,3.89,0.57,0.34,0.23
00026_cpr7p_0012121.pdb,7.33,2.73,0.81,0.4
00371_r1feb2024_0011394.pdb,4.12,0.45,0.32,0.23
00409_r1feb2024_0049500.pdb,5.14,1.03,0.42,0.29
00380_r1feb2024_0020510.pdb,4.27,0.65,0.36,0.26
00368_r1feb2024_0008916.pdb,4.88,1.12,0.48,0.37
00379_r1feb2024_0019919.pdb,5.22,1.12,0.47,0.3
00380_r1feb2024_0020661.pdb,4.7,1.47,0.56,0.33
00384_r1feb2024_0024382.pdb,3.34,0.81,0.46,0.28
00038_cpr7p_0023773.pdb,4.38,0.71,0.41,0.28
00418_r1feb2024_0058571.pdb,3.94,0.51,0.25,0.24
00364_r1feb2024_0005055.pdb,3.99,0.75,0.39,0.28
00050_cpr7p_0035932.pdb,4.49,1.45,0.59,0.4
00001_cppc_0000995.pdb,8.01,8.54,1.23,0.57
00008_cppc_0007613.pdb,8.18,8.14,1.24,0.64
00419_r1feb2024_0059912.pdb,5.55,0.98,0.47,0.28
00404_r1feb2024_0044374.pdb,5.55,1.6,0.5,0.33
00371_r1feb2024_0011669.pdb,3.87,0.44,0.28,0.22
00401_r1feb2024_0041598.pdb,3.46,0.99,0.41,0.29
00008_cppc_0007328.pdb,8.23,8.82,1.3,0.64
00402_r1feb2024_0042377.pdb,3.93,0.62,0.42,0.25
00416_r1feb2024_0056904.pdb,4.77,1.22,0.52,0.32
00050_cpr7p_0035914.pdb,4.4,1.8,0.6,0.35
00419_r1feb2024_0059901.pdb,4.97,1.34,0.51,0.39
00006_cppc_0005596.pdb,8.17,8.55,1.32,0.57
00425_r1feb2024_0065315.pdb,4.54,1.42,0.5,0.31
00418_r1feb2024_0058689.pdb,4.41,0.71,0.41,0.27
00402_r1feb2024_0042661.pdb,4.4,0.65,0.38,0.26
00028_cpr7p_0013819.pdb,7.84,4.4,1.03,0.53
00370_r1feb2024_0010761.pdb,4.71,1.38,0.51,0.31
00395_r1feb2024_0035230.pdb,3.9,0.58,0.35,0.3
00032_cpr7p_0018455.pdb,8.24,5.49,1.14,0.58
00219_dnfs_0168369.pdb,4.06,0.85,0.4,0.27
00012_cppc_0011598.pdb,8.19,8.05,1.32,0.57
00417_r1feb2024_0058107.pdb,4.3,1.17,0.46,0.36
00418_r1feb2024_0058541.pdb,2.91,0.42,0.26,0.21
00421_r1feb2024_0061781.pdb,3.54,0.95,0.4,0.29
00035_cpr7p_0020718.pdb,9.28,5.94,1.01,0.51
00374_r1feb2024_0014303.pdb,4.98,1.57,0.54,0.32
00422_r1feb2024_0062986.pdb,4.16,0.93,0.44,0.28
00401_r1feb2024_0041359.pdb,4.69,0.89,0.4,0.35
00013_cppc_0012336.pdb,9.07,7.98,1.22,0.57
00039_cpr7p_0025073.pdb,7.63,4.27,0.87,0.54
00400_r1feb2024_0040289.pdb,3.5,0.69,0.37,0.24
00365_r1feb2024_0005881.pdb,3.97,0.68,0.38,0.25
00357_okr6d_0000451.pdb,4.89,1.56,0.56,0.33
00030_cpr7p_0015702.pdb,4.37,1.17,0.54,0.32
00002_cppc_0001918.pdb,7.61,8.93,1.28,0.68
00395_r1feb2024_0035478.pdb,4.07,0.62,0.34,0.26
00361_r1feb2024_0001417.pdb,3.58,0.45,0.33,0.25
00400_r1feb2024_0040502.pdb,4.2,0.55,0.34,0.25
00357_okr6d_0000398.pdb,4.19,1.25,0.44,0.34
00365_r1feb2024_0005241.pdb,4.39,0.58,0.34,0.28
00370_r1feb2024_0010412.pdb,5.42,0.95,0.48,0.3
00048_cpr7p_0034435.pdb,4.15,0.84,0.46,0.38
00382_r1feb2024_0022241.pdb,4.7,0.91,0.44,0.29
00392_r1feb2024_0033031.pdb,5.06,1.09,0.5,0.34
00366_r1feb2024_0006484.pdb,3.74,0.56,0.3,0.29
00036_cpr7p_0022004.pdb,7.44,2.88,0.9,0.43
00428_r1feb2024_0068307.pdb,3.96,0.65,0.41,0.26
00400_r1feb2024_0040769.pdb,3.75,0.75,0.36,0.28
00388_r1feb2024_0028353.pdb,4.96,0.94,0.43,0.4
00373_r1feb2024_0014019.pdb,4.82,0.78,0.45,0.28
00027_cpr7p_0013033.pdb,8.48,5.81,1.1,0.51
00238_dnfs_0187091.pdb,4.0,0.73,0.45,0.26
00418_r1feb2024_0058255.pdb,3.56,0.45,0.36,0.23
00401_r1feb2024_0041388.pdb,4.9,0.91,0.39,0.29
00418_r1feb2024_0058262.pdb,5.03,1.13,0.49,0.36
00419_r1feb2024_0060004.pdb,4.64,1.56,0.51,0.35
00418_r1feb2024_0058375.pdb,2.88,0.41,0.31,0.24
00412_r1feb2024_0052684.pdb,3.35,0.53,0.35,0.25
00386_r1feb2024_0026290.pdb,4.62,0.96,0.34,0.29
00386_r1feb2024_0026253.pdb,3.81,0.57,0.38,0.25
00417_r1feb2024_0057728.pdb,6.04,1.01,0.47,0.29
00038_cpr7p_0024409.pdb,4.59,1.09,0.53,0.3
00395_r1feb2024_0035317.pdb,3.39,0.53,0.36,0.32
00404_r1feb2024_0044659.pdb,5.26,1.67,0.57,0.33
00043_cpr7p_0028961.pdb,7.59,3.21,0.87,0.4
00039_cpr7p_0024982.pdb,4.71,1.07,0.47,0.33
00418_r1feb2024_0058513.pdb,4.11,0.53,0.33,0.25
00239_dnfs_0188276.pdb,3.81,1.08,0.43,0.31
00389_r1feb2024_0029249.pdb,3.43,0.65,0.38,0.33
00416_r1feb2024_0056476.pdb,4.46,0.41,0.31,0.24
00396_r1feb2024_0037120.pdb,4.95,1.09,0.6,0.31
00024_cpr7p_0009647.pdb,4.76,1.04,0.54,0.32
00417_r1feb2024_0058033.pdb,3.45,0.57,0.34,0.25
00418_r1feb2024_0058948.pdb,3.75,0.53,0.36,0.25
00401_r1feb2024_0041917.pdb,5.28,1.64,0.54,0.34
00370_r1feb2024_0010260.pdb,4.84,1.28,0.56,0.32
00035_cpr7p_0021009.pdb,7.51,2.84,0.75,0.46
00387_r1feb2024_0027504.pdb,4.92,1.37,0.46,0.31
00412_r1feb2024_0052759.pdb,5.11,1.14,0.47,0.31
00418_r1feb2024_0058351.pdb,3.48,0.43,0.26,0.22
00418_r1feb2024_0058215.pdb,2.78,0.48,0.26,0.24
00388_r1feb2024_0028506.pdb,3.53,0.5,0.37,0.24
00418_r1feb2024_0058927.pdb,3.6,0.42,0.3,0.23
00402_r1feb2024_0043033.pdb,1.24,0.74,0.39,0.3
00370_r1feb2024_0010432.pdb,4.6,1.13,0.5,0.37
00425_r1feb2024_0065812.pdb,4.7,1.47,0.51,0.32
00114_dnfs_0063496.pdb,5.09,1.1,0.41,0.32
00395_r1feb2024_0035226.pdb,4.43,0.58,0.38,0.25
00019_cpr7p_0005171.pdb,6.61,3.21,0.77,0.41
00401_r1feb2024_0041763.pdb,4.52,0.78,0.46,0.27
00371_r1feb2024_0011873.pdb,4.69,0.6,0.33,0.25
00036_cpr7p_0022436.pdb,4.59,1.1,0.48,0.37
00398_r1feb2024_0038492.pdb,4.82,1.23,0.46,0.31
00014_cppc_0013124.pdb,8.32,8.63,1.63,0.58
00421_r1feb2024_0061815.pdb,5.44,1.1,0.45,0.37
00410_r1feb2024_0050272.pdb,4.4,1.48,0.53,0.31
00025_cpr7p_0011106.pdb,5.13,1.17,0.48,0.31
00012_cppc_0011007.pdb,8.19,8.24,1.26,0.65
00400_r1feb2024_0040531.pdb,2.91,0.48,0.34,0.22
00400_r1feb2024_0041143.pdb,4.46,0.8,0.38,0.27
00392_r1feb2024_0033165.pdb,5.68,1.2,0.49,0.31
00365_r1feb2024_0005506.pdb,3.54,0.6,0.38,0.26
00031_cpr7p_0017172.pdb,7.54,2.74,0.9,0.4
00366_r1feb2024_0006951.pdb,3.36,0.76,0.44,0.27
00016_cpr7p_0001673.pdb,8.26,6.02,1.03,0.6
00004_cppc_0003392.pdb,8.74,8.59,1.23,0.57
00388_r1feb2024_0028435.pdb,3.91,0.9,0.42,0.34
00004_cppc_0003348.pdb,7.66,8.13,1.22,0.57
00045_cpr7p_0031173.pdb,8.11,4.18,0.87,0.53
00371_r1feb2024_0011264.pdb,4.9,1.01,0.47,0.28
00418_r1feb2024_0058832.pdb,3.76,0.48,0.33,0.21
00357_okr6d_0000458.pdb,5.28,1.43,0.48,0.32
00050_cpr7p_0036067.pdb,7.72,4.11,0.94,0.46
00418_r1feb2024_0059150.pdb,5.03,1.27,0.49,0.38
00397_r1feb2024_0037959.pdb,4.82,1.64,0.62,0.34
00419_r1feb2024_0059876.pdb,4.53,1.32,0.51,0.32
00015_cpr7p_0000939.pdb,7.37,2.7,0.71,0.4
00388_r1feb2024_0028228.pdb,5.21,1.38,0.51,0.41
00418_r1feb2024_0058632.pdb,3.2,0.5,0.32,0.24
00419_r1feb2024_0059523.pdb,5.68,1.53,0.56,0.34
00007_cppc_0006941.pdb,8.95,8.01,1.25,0.57
00001_cppc_0000100.pdb,8.66,7.94,1.32,0.64
00043_cpr7p_0028998.pdb,7.16,5.62,1.18,0.51
00394_r1feb2024_0034390.pdb,3.75,0.83,0.44,0.34
00357_okr6d_0000092.pdb,4.96,1.61,0.52,0.33
00366_r1feb2024_0006256.pdb,4.17,0.7,0.31,0.25
00025_cpr7p_0011077.pdb,5.48,1.31,0.52,0.3
00001_cppc_0000574.pdb,8.66,8.5,1.19,0.65
00026_cpr7p_0011960.pdb,4.77,1.11,0.49,0.3
00020_cpr7p_0006168.pdb,4.49,1.08,0.54,0.29
00046_cpr7p_0032098.pdb,3.65,0.67,0.38,0.27
00022_cpr7p_0008123.pdb,4.44,1.84,0.66,0.35
00418_r1feb2024_0058337.pdb,3.53,0.75,0.41,0.27
00403_r1feb2024_0043993.pdb,3.77,0.67,0.39,0.34
00419_r1feb2024_0059993.pdb,4.32,1.36,0.44,0.32
00246_dnfs_0195020.pdb,4.52,0.83,0.34,0.29
00371_r1feb2024_0011521.pdb,4.15,0.49,0.36,0.24
00040_cpr7p_0025743.pdb,7.44,6.33,1.18,0.52
00416_r1feb2024_0056547.pdb,4.98,1.04,0.43,0.36
00418_r1feb2024_0059147.pdb,4.57,1.44,0.56,0.32
00380_r1feb2024_0020554.pdb,3.85,0.5,0.35,0.24
00386_r1feb2024_0026431.pdb,3.92,0.69,0.42,0.27
00018_cpr7p_0003622.pdb,4.27,1.07,0.54,0.31
00401_r1feb2024_0041501.pdb,4.66,0.93,0.46,0.29
00419_r1feb2024_0059410.pdb,4.29,0.97,0.41,0.29
00018_cpr7p_0004438.pdb,5.78,0.98,0.49,0.39
00366_r1feb2024_0006228.pdb,3.86,0.71,0.42,0.26
00029_cpr7p_0014741.pdb,4.71,1.81,0.71,0.35
00429_r1feb2024_0069704.pdb,3.13,0.49,0.3,0.24
00418_r1feb2024_0058561.pdb,3.27,0.52,0.39,0.24
00043_cpr7p_0028911.pdb,7.58,2.21,0.72,0.37
00395_r1feb2024_0035368.pdb,4.15,0.56,0.31,0.26
00006_cppc_0005978.pdb,8.04,8.17,1.35,0.65
00425_r1feb2024_0065761.pdb,3.6,0.48,0.22,0.22
00002_cppc_0001295.pdb,8.41,8.19,1.34,0.57
00418_r1feb2024_0058425.pdb,2.64,0.41,0.31,0.2
00032_cpr7p_0017957.pdb,4.72,1.02,0.59,0.39
00403_r1feb2024_0043932.pdb,4.14,0.59,0.4,0.25
00418_r1feb2024_0058310.pdb,2.92,0.57,0.42,0.25
00357_okr6d_0000041.pdb,3.79,1.35,0.61,0.33
00005_cppc_0004760.pdb,7.62,8.07,1.24,0.65
00039_cpr7p_0024734.pdb,6.89,2.66,0.76,0.4
00382_r1feb2024_0022199.pdb,4.22,0.9,0.46,0.28
00028_cpr7p_0014035.pdb,4.96,1.05,0.5,0.3
00022_cpr7p_0007790.pdb,2.82,1.08,0.37,0.32
00050_cpr7p_0036246.pdb,7.99,4.49,0.89,0.53
00419_r1feb2024_0059737.pdb,4.63,1.2,0.47,0.3
00388_r1feb2024_0028746.pdb,3.09,0.51,0.29,0.24
00412_r1feb2024_0052258.pdb,4.49,0.54,0.33,0.25
00370_r1feb2024_0010502.pdb,4.16,1.01,0.54,0.3
00404_r1feb2024_0044350.pdb,4.23,1.61,0.5,0.34
00421_r1feb2024_0061575.pdb,4.86,1.74,0.46,0.42
00419_r1feb2024_0059395.pdb,4.65,1.34,0.51,0.31
00403_r1feb2024_0043362.pdb,4.68,1.05,0.39,0.3
00421_r1feb2024_0061720.pdb,4.32,1.08,0.36,0.31
00366_r1feb2024_0006483.pdb,3.55,0.51,0.36,0.26
00042_cpr7p_0028350.pdb,7.78,2.76,0.76,0.48
00423_r1feb2024_0064127.pdb,5.48,0.88,0.36,0.29
00397_r1feb2024_0037950.pdb,4.69,0.69,0.36,0.27
00419_r1feb2024_0059832.pdb,3.53,0.84,0.43,0.28
00388_r1feb2024_0028728.pdb,3.69,0.43,0.34,0.23
00416_r1feb2024_0056671.pdb,3.96,1.6,0.62,0.34
00039_cpr7p_0024659.pdb,6.12,2.44,0.64,0.39
00403_r1feb2024_0043954.pdb,3.96,0.86,0.36,0.36
00385_r1feb2024_0025877.pdb,5.74,1.63,0.54,0.32
00421_r1feb2024_0062042.pdb,3.56,0.64,0.39,0.26
00019_cpr7p_0004999.pdb,9.17,5.12,1.15,0.52
00388_r1feb2024_0028293.pdb,5.14,1.13,0.45,0.36
00418_r1feb2024_0058368.pdb,3.97,0.45,0.22,0.22
00370_r1feb2024_0010834.pdb,4.45,1.44,0.55,0.33
00371_r1feb2024_0011243.pdb,3.72,0.47,0.37,0.23
00364_r1feb2024_0005073.pdb,3.83,0.49,0.25,0.23
00107_dnfs_0056803.pdb,3.61,0.87,0.48,0.28
00357_okr6d_0000047.pdb,5.1,1.6,0.57,0.34
00349_dnfs_0298557.pdb,3.81,0.56,0.34,0.25
00412_r1feb2024_0052940.pdb,4.03,0.51,0.38,0.25
00024_cpr7p_0009632.pdb,7.98,4.0,0.8,0.54
00409_r1feb2024_0049819.pdb,5.0,1.43,0.44,0.31
00367_r1feb2024_0007413.pdb,4.15,1.33,0.5,0.31
00015_cpr7p_0000693.pdb,8.07,4.25,0.91,0.46
00388_r1feb2024_0029154.pdb,4.16,0.81,0.38,0.34
00418_r1feb2024_0058428.pdb,4.65,0.53,0.4,0.25
00425_r1feb2024_0065642.pdb,4.24,1.08,0.52,0.3
00037_cpr7p_0023529.pdb,7.76,4.09,1.07,0.46
00402_r1feb2024_0042616.pdb,3.38,0.64,0.35,0.24
00419_r1feb2024_0059769.pdb,4.5,1.39,0.44,0.32
00397_r1feb2024_0037813.pdb,4.8,1.51,0.63,0.4
00389_r1feb2024_0029352.pdb,4.22,0.52,0.32,0.24
00168_dnfs_0117709.pdb,4.18,0.72,0.37,0.27
00412_r1feb2024_0052789.pdb,2.25,0.6,0.34,0.25
00365_r1feb2024_0005484.pdb,4.29,0.66,0.38,0.26
00395_r1feb2024_0035439.pdb,4.74,0.89,0.41,0.29
00025_cpr7p_0011489.pdb,4.5,1.78,0.68,0.35
00015_cpr7p_0000871.pdb,4.34,1.11,0.51,0.37
00397_r1feb2024_0038039.pdb,5.3,1.44,0.54,0.32
00398_r1feb2024_0038591.pdb,4.71,0.86,0.39,0.3
00418_r1feb2024_0058985.pdb,4.42,0.54,0.32,0.25
00037_cpr7p_0023547.pdb,4.37,0.86,0.46,0.28
00358_okr6d_0000637.pdb,4.75,1.41,0.59,0.33
00361_r1feb2024_0002119.pdb,3.64,0.49,0.29,0.23
00397_r1feb2024_0037937.pdb,4.55,0.63,0.37,0.26
00418_r1feb2024_0059003.pdb,3.55,0.57,0.34,0.25
00418_r1feb2024_0058742.pdb,3.86,0.47,0.36,0.3
00383_r1feb2024_0023853.pdb,3.03,0.48,0.3,0.25
00418_r1feb2024_0058731.pdb,3.82,0.53,0.34,0.25
00398_r1feb2024_0038340.pdb,4.02,0.46,0.33,0.23
00357_okr6d_0000490.pdb,4.64,1.28,0.5,0.32
00369_r1feb2024_0010031.pdb,4.21,1.43,0.6,0.34
00425_r1feb2024_0065337.pdb,4.89,1.03,0.4,0.3
00379_r1feb2024_0020145.pdb,3.72,0.58,0.35,0.26
00417_r1feb2024_0058167.pdb,3.13,0.46,0.35,0.23
00030_cpr7p_0016149.pdb,4.84,2.9,0.84,0.48
00036_cpr7p_0022013.pdb,7.88,6.02,1.22,0.51
00032_cpr7p_0017773.pdb,8.21,5.35,1.03,0.59
00397_r1feb2024_0037314.pdb,3.33,1.48,0.42,0.33
00041_cpr7p_0027342.pdb,7.07,2.42,0.71,0.38
00362_r1feb2024_0002742.pdb,3.0,0.9,0.46,0.28
00405_r1feb2024_0046065.pdb,4.38,1.39,0.5,0.32
00388_r1feb2024_0028393.pdb,3.37,0.47,0.37,0.25
00419_r1feb2024_0059777.pdb,5.27,1.67,0.54,0.41
00380_r1feb2024_0020832.pdb,4.49,1.25,0.6,0.31
00028_cpr7p_0013732.pdb,5.11,1.08,0.47,0.31
00357_okr6d_0000355.pdb,4.67,1.93,0.57,0.33
00369_r1feb2024_0010017.pdb,3.74,1.44,0.43,0.3
00419_r1feb2024_0059396.pdb,5.08,1.78,0.51,0.39
00400_r1feb2024_0040338.pdb,3.58,0.61,0.38,0.25
00424_r1feb2024_0064828.pdb,5.04,1.33,0.54,0.35
00371_r1feb2024_0011956.pdb,2.82,0.5,0.3,0.24
00400_r1feb2024_0040284.pdb,3.78,0.55,0.41,0.25
00419_r1feb2024_0059720.pdb,4.21,1.61,0.53,0.34
00415_r1feb2024_0055903.pdb,3.58,0.8,0.42,0.28
00418_r1feb2024_0058242.pdb,4.0,0.43,0.33,0.22
00393_r1feb2024_0033919.pdb,4.07,0.56,0.36,0.25
00401_r1feb2024_0041364.pdb,4.37,0.97,0.43,0.36
00029_cpr7p_0015564.pdb,7.71,4.26,0.98,0.47
00041_cpr7p_0027156.pdb,4.74,1.13,0.57,0.32
00045_cpr7p_0030875.pdb,5.76,1.9,0.72,0.39
00388_r1feb2024_0028720.pdb,1.78,0.44,0.28,0.29
00357_okr6d_0000366.pdb,4.54,1.31,0.52,0.32
00034_cpr7p_0020315.pdb,7.08,4.5,0.85,0.45
00037_cpr7p_0023153.pdb,7.65,2.99,0.86,0.43
00041_cpr7p_0027111.pdb,8.54,5.82,0.98,0.58
00385_r1feb2024_0025809.pdb,4.8,1.24,0.5,0.3
00388_r1feb2024_0028972.pdb,4.31,0.6,0.38,0.24
00190_dnfs_0139220.pdb,4.6,0.9,0.41,0.28
00402_r1feb2024_0042360.pdb,4.8,0.83,0.48,0.28
00015_cpr7p_0000954.pdb,7.1,3.04,0.94,0.5
00050_cpr7p_0036428.pdb,5.03,1.14,0.54,0.3
00094_dnfs_0043160.pdb,3.97,0.73,0.35,0.29
00421_r1feb2024_0061251.pdb,4.64,1.06,0.44,0.3
00393_r1feb2024_0033462.pdb,5.02,1.76,0.5,0.35
00021_cpr7p_0007526.pdb,4.79,1.25,0.5,0.38
00412_r1feb2024_0052233.pdb,4.52,1.12,0.51,0.3
00418_r1feb2024_0058302.pdb,3.15,0.41,0.32,0.22
00046_cpr7p_0032004.pdb,8.27,5.25,1.15,0.53
00395_r1feb2024_0035999.pdb,3.94,0.62,0.29,0.24
00045_cpr7p_0030924.pdb,7.61,3.83,0.96,0.52
00418_r1feb2024_0058786.pdb,3.06,0.49,0.33,0.22
00437_r1feb2024_0077226.pdb,5.46,1.66,0.61,0.35
00020_cpr7p_0006115.pdb,5.67,4.4,1.02,0.47
00401_r1feb2024_0042017.pdb,3.5,0.82,0.44,0.34
00370_r1feb2024_0010370.pdb,5.07,1.47,0.62,0.33
00378_r1feb2024_0018801.pdb,4.77,1.64,0.49,0.36
00021_cpr7p_0007438.pdb,7.22,2.6,0.69,0.39
00402_r1feb2024_0042303.pdb,3.54,0.77,0.34,0.3
00419_r1feb2024_0059225.pdb,5.48,1.33,0.52,0.39
00387_r1feb2024_0028170.pdb,2.01,0.7,0.36,0.27
00371_r1feb2024_0011970.pdb,2.72,0.59,0.36,0.25
00022_cpr7p_0007711.pdb,4.54,1.08,0.43,0.3
00417_r1feb2024_0058064.pdb,3.86,0.77,0.39,0.27
00416_r1feb2024_0056196.pdb,3.71,0.6,0.37,0.25
00370_r1feb2024_0010342.pdb,4.62,0.98,0.44,0.32
00419_r1feb2024_0059208.pdb,5.11,1.54,0.48,0.33
00434_r1feb2024_0074700.pdb,4.04,0.75,0.32,0.26
00388_r1feb2024_0028664.pdb,4.0,1.05,0.4,0.36
00358_okr6d_0000581.pdb,4.89,1.55,0.58,0.33
00400_r1feb2024_0040609.pdb,4.78,0.6,0.38,0.25
00015_cpr7p_0001532.pdb,6.33,4.72,0.98,0.47
00422_r1feb2024_0062490.pdb,2.6,0.62,0.26,0.27
00388_r1feb2024_0028534.pdb,5.36,0.99,0.39,0.3
00402_r1feb2024_0042637.pdb,3.48,0.71,0.31,0.34
00401_r1feb2024_0041792.pdb,4.09,1.57,0.52,0.34
00418_r1feb2024_0058633.pdb,3.91,0.44,0.34,0.23
00358_okr6d_0000617.pdb,3.09,1.26,0.55,0.34
00374_r1feb2024_0014666.pdb,4.24,1.15,0.47,0.29
00049_cpr7p_0035256.pdb,4.77,1.6,0.49,0.34
00400_r1feb2024_0040802.pdb,4.02,0.9,0.4,0.33
00371_r1feb2024_0011646.pdb,4.02,0.73,0.37,0.26
00358_okr6d_0000645.pdb,4.17,1.37,0.56,0.34
00417_r1feb2024_0058020.pdb,4.08,0.98,0.37,0.29
00035_cpr7p_0020865.pdb,4.72,1.55,0.56,0.34
00401_r1feb2024_0041499.pdb,4.96,0.92,0.46,0.29
00418_r1feb2024_0058885.pdb,3.52,0.45,0.32,0.23
00358_okr6d_0000652.pdb,4.74,1.42,0.61,0.42
00401_r1feb2024_0041182.pdb,4.5,1.08,0.44,0.31
00358_okr6d_0000632.pdb,5.1,1.39,0.63,0.33
00005_cppc_0004283.pdb,8.48,7.35,1.27,0.65
00358_okr6d_0000517.pdb,4.34,1.34,0.63,0.32
00038_cpr7p_0024091.pdb,7.56,3.1,0.79,0.4
00367_r1feb2024_0007430.pdb,3.87,0.88,0.34,0.26
00031_cpr7p_0016688.pdb,5.47,1.16,0.52,0.31
00403_r1feb2024_0043975.pdb,4.9,1.1,0.45,0.37
00382_r1feb2024_0022956.pdb,3.19,0.55,0.34,0.26
00411_r1feb2024_0052015.pdb,4.3,0.77,0.38,0.26
00407_r1feb2024_0047885.pdb,5.01,1.66,0.53,0.34
00380_r1feb2024_0020390.pdb,4.78,1.45,0.51,0.33
00419_r1feb2024_0059934.pdb,5.14,1.6,0.52,0.35
00418_r1feb2024_0058772.pdb,3.18,0.49,0.35,0.25
00048_cpr7p_0033980.pdb,4.69,1.03,0.36,0.37
00018_cpr7p_0003639.pdb,5.33,1.76,0.5,0.36
00427_r1feb2024_0068109.pdb,3.84,0.68,0.36,0.26
00120_dnfs_0069101.pdb,4.05,0.69,0.38,0.27
00007_cppc_0006569.pdb,8.58,8.54,1.18,0.59
00387_r1feb2024_0028083.pdb,3.52,0.56,0.37,0.29
00367_r1feb2024_0007494.pdb,4.17,0.61,0.37,0.27
00010_cppc_0009632.pdb,8.62,8.59,1.16,0.57
00373_r1feb2024_0013829.pdb,4.1,0.54,0.34,0.26
00008_cppc_0007989.pdb,8.49,9.46,1.32,0.64
00418_r1feb2024_0058553.pdb,3.66,0.52,0.25,0.27
00387_r1feb2024_0028064.pdb,4.04,0.73,0.4,0.27
00011_cppc_0010421.pdb,7.89,8.59,1.27,0.57
00404_r1feb2024_0044682.pdb,4.12,0.5,0.27,0.29
00027_cpr7p_0012941.pdb,4.91,1.55,0.57,0.33
00129_dnfs_0078753.pdb,4.47,0.62,0.33,0.26
00046_cpr7p_0032497.pdb,4.35,1.31,0.46,0.31
00021_cpr7p_0007162.pdb,3.66,0.79,0.35,0.28
00025_cpr7p_0011103.pdb,5.28,1.14,0.5,0.31
00016_cpr7p_0002133.pdb,3.85,0.79,0.39,0.31
00405_r1feb2024_0045815.pdb,4.81,1.62,0.55,0.4
00002_cppc_0001137.pdb,7.54,9.19,1.42,0.59
00001_cppc_0000402.pdb,8.23,8.89,1.17,0.64
00021_cpr7p_0006882.pdb,7.41,4.1,0.92,0.44
00401_r1feb2024_0041815.pdb,3.76,1.01,0.42,0.27
00002_cppc_0001833.pdb,8.38,8.69,1.24,0.67
00388_r1feb2024_0028210.pdb,4.55,1.11,0.44,0.28
00370_r1feb2024_0011172.pdb,2.98,0.54,0.38,0.22
00417_r1feb2024_0057368.pdb,4.76,1.08,0.43,0.28
00007_cppc_0006952.pdb,8.48,9.34,1.31,0.64
00155_dnfs_0104349.pdb,3.11,0.63,0.24,0.23
00417_r1feb2024_0058058.pdb,3.79,0.79,0.37,0.28
00005_cppc_0004256.pdb,8.56,8.05,1.53,0.57
00418_r1feb2024_0058386.pdb,3.63,0.43,0.32,0.38
00422_r1feb2024_0062632.pdb,4.59,0.73,0.42,0.29
00386_r1feb2024_0026928.pdb,4.99,1.01,0.48,0.29
00400_r1feb2024_0040606.pdb,4.76,1.38,0.42,0.32
00393_r1feb2024_0034133.pdb,5.06,1.18,0.51,0.31
00403_r1feb2024_0043812.pdb,4.15,0.61,0.39,0.26
00014_cppc_0013050.pdb,8.28,7.82,1.29,0.64
00417_r1feb2024_0058083.pdb,2.98,0.44,0.24,0.2
00359_r1feb2024_0000097.pdb,4.59,0.8,0.35,0.27
00418_r1feb2024_0058434.pdb,3.4,0.52,0.31,0.24
00402_r1feb2024_0043022.pdb,3.32,0.69,0.35,0.27
00399_r1feb2024_0040116.pdb,4.18,0.53,0.34,0.25
00044_cpr7p_0030395.pdb,5.3,6.36,1.57,0.59
00389_r1feb2024_0029310.pdb,3.75,0.55,0.38,0.23
00403_r1feb2024_0043904.pdb,3.85,0.64,0.41,0.25
00371_r1feb2024_0011738.pdb,4.34,1.28,0.55,0.32
00370_r1feb2024_0011104.pdb,3.51,0.55,0.36,0.24
00418_r1feb2024_0058955.pdb,4.97,1.44,0.52,0.32
