rna,CLASH
00031_cpr7p_0017255.pdb,8.18
00043_cpr7p_0028786.pdb,7.28
00391_r1feb2024_0031575.pdb,6.48
00400_r1feb2024_0040414.pdb,6.35
00407_r1feb2024_0047668.pdb,5.99
00386_r1feb2024_0027004.pdb,6.05
00002_cppc_0001941.pdb,10.64
00419_r1feb2024_0059345.pdb,6.47
00382_r1feb2024_0022719.pdb,5.69
00018_cpr7p_0004386.pdb,9.77
00399_r1feb2024_0040129.pdb,6.71
00419_r1feb2024_0059302.pdb,6.91
00418_r1feb2024_0058779.pdb,5.18
00425_r1feb2024_0065682.pdb,6.37
00418_r1feb2024_0058702.pdb,5.26
00383_r1feb2024_0023272.pdb,6.68
00366_r1feb2024_0006425.pdb,5.98
00376_r1feb2024_0017141.pdb,5.52
00397_r1feb2024_0037829.pdb,6.0
00399_r1feb2024_0040123.pdb,6.67
00369_r1feb2024_0009212.pdb,7.06
00380_r1feb2024_0020956.pdb,7.36
00382_r1feb2024_0022819.pdb,5.97
00394_r1feb2024_0034271.pdb,6.94
00381_r1feb2024_0021526.pdb,5.64
00425_r1feb2024_0065944.pdb,6.85
00401_r1feb2024_0041714.pdb,6.18
00192_dnfs_0141620.pdb,6.02
00394_r1feb2024_0034798.pdb,6.65
00361_r1feb2024_0002041.pdb,6.8
00428_r1feb2024_0068220.pdb,6.18
00380_r1feb2024_0020323.pdb,6.32
00401_r1feb2024_0042077.pdb,5.99
00011_cppc_0010129.pdb,10.56
00050_cpr7p_0036433.pdb,8.17
00047_cpr7p_0032709.pdb,7.11
00029_cpr7p_0015337.pdb,10.67
00415_r1feb2024_0055546.pdb,6.94
00403_r1feb2024_0043555.pdb,6.25
00397_r1feb2024_0037497.pdb,7.1
00390_r1feb2024_0030263.pdb,5.84
00373_r1feb2024_0013812.pdb,6.63
00371_r1feb2024_0011777.pdb,5.04
00371_r1feb2024_0011515.pdb,6.75
00402_r1feb2024_0042477.pdb,6.3
00028_cpr7p_0014150.pdb,7.46
00029_cpr7p_0015274.pdb,6.19
00371_r1feb2024_0011358.pdb,5.6
00019_cpr7p_0005132.pdb,7.94
00418_r1feb2024_0058820.pdb,6.25
00048_cpr7p_0033949.pdb,8.36
00368_r1feb2024_0009100.pdb,6.47
00418_r1feb2024_0058977.pdb,5.99
00032_cpr7p_0018446.pdb,7.6
00389_r1feb2024_0030000.pdb,6.08
00044_cpr7p_0030342.pdb,9.42
00032_cpr7p_0017600.pdb,7.24
00413_r1feb2024_0053518.pdb,6.38
00380_r1feb2024_0020626.pdb,6.15
00387_r1feb2024_0028114.pdb,6.05
00365_r1feb2024_0005488.pdb,6.73
00397_r1feb2024_0037363.pdb,5.95
00418_r1feb2024_0059021.pdb,5.14
00418_r1feb2024_0058257.pdb,6.17
00418_r1feb2024_0058853.pdb,5.58
00385_r1feb2024_0025761.pdb,6.79
00026_cpr7p_0012459.pdb,7.42
00371_r1feb2024_0011716.pdb,5.54
00402_r1feb2024_0042662.pdb,6.36
00418_r1feb2024_0058737.pdb,5.28
00028_cpr7p_0014456.pdb,6.82
00388_r1feb2024_0028359.pdb,6.18
00419_r1feb2024_0059513.pdb,6.42
00417_r1feb2024_0058050.pdb,5.57
00370_r1feb2024_0010471.pdb,6.5
00388_r1feb2024_0028977.pdb,5.44
00049_cpr7p_0034999.pdb,6.99
00402_r1feb2024_0042930.pdb,6.35
00371_r1feb2024_0011817.pdb,6.54
00418_r1feb2024_0058485.pdb,5.35
00400_r1feb2024_0040733.pdb,6.29
00003_cppc_0002211.pdb,10.75
00418_r1feb2024_0058921.pdb,5.92
00013_cppc_0012525.pdb,10.83
00014_cpr7p_0000382.pdb,10.43
00419_r1feb2024_0059988.pdb,7.22
00003_cppc_0002441.pdb,10.53
00418_r1feb2024_0058243.pdb,5.36
00428_r1feb2024_0068733.pdb,5.9
00418_r1feb2024_0058851.pdb,5.45
00365_r1feb2024_0005916.pdb,5.61
00388_r1feb2024_0028856.pdb,5.32
00369_r1feb2024_0010166.pdb,6.74
00417_r1feb2024_0057494.pdb,6.52
00409_r1feb2024_0049683.pdb,7.39
00006_cppc_0005528.pdb,10.77
00422_r1feb2024_0062958.pdb,5.5
00391_r1feb2024_0031846.pdb,6.23
00417_r1feb2024_0057963.pdb,6.01
00003_cppc_0002687.pdb,10.38
00381_r1feb2024_0021319.pdb,5.47
00409_r1feb2024_0049280.pdb,5.85
00040_cpr7p_0025701.pdb,9.89
00404_r1feb2024_0044855.pdb,6.84
00404_r1feb2024_0044601.pdb,5.96
00024_cpr7p_0010100.pdb,9.81
00045_cpr7p_0031326.pdb,6.28
00042_cpr7p_0028287.pdb,9.23
00044_cpr7p_0030409.pdb,7.47
00416_r1feb2024_0056622.pdb,5.86
00398_r1feb2024_0038728.pdb,5.6
00102_dnfs_0051595.pdb,5.94
00397_r1feb2024_0037440.pdb,5.88
00036_cpr7p_0022297.pdb,8.98
00419_r1feb2024_0059453.pdb,6.86
00425_r1feb2024_0065790.pdb,6.82
00399_r1feb2024_0040110.pdb,6.29
00237_dnfs_0186284.pdb,6.7
00041_cpr7p_0027422.pdb,6.42
00044_cpr7p_0029767.pdb,10.11
00416_r1feb2024_0057066.pdb,6.7
00022_cpr7p_0008523.pdb,7.1
00418_r1feb2024_0058936.pdb,5.28
00403_r1feb2024_0043576.pdb,6.27
00040_cpr7p_0026324.pdb,9.07
00400_r1feb2024_0040218.pdb,5.73
00370_r1feb2024_0010776.pdb,6.25
00394_r1feb2024_0034574.pdb,6.7
00414_r1feb2024_0055048.pdb,5.68
00370_r1feb2024_0011048.pdb,6.22
00418_r1feb2024_0058470.pdb,6.51
00016_cpr7p_0002092.pdb,8.28
00373_r1feb2024_0013254.pdb,6.55
00417_r1feb2024_0058014.pdb,6.06
00418_r1feb2024_0058647.pdb,5.6
00038_cpr7p_0024212.pdb,9.04
00418_r1feb2024_0058249.pdb,5.44
00386_r1feb2024_0026443.pdb,5.85
00358_okr6d_0000520.pdb,7.16
00427_r1feb2024_0068091.pdb,6.23
00419_r1feb2024_0059739.pdb,7.08
00424_r1feb2024_0064199.pdb,7.62
00422_r1feb2024_0062315.pdb,6.3
00026_cpr7p_0012481.pdb,6.62
00404_r1feb2024_0044255.pdb,6.05
00045_cpr7p_0031428.pdb,9.1
00009_cppc_0008577.pdb,10.56
00418_r1feb2024_0058389.pdb,5.76
00387_r1feb2024_0027521.pdb,5.81
00018_cpr7p_0004444.pdb,7.71
00039_cpr7p_0024927.pdb,6.76
00387_r1feb2024_0028002.pdb,6.21
00425_r1feb2024_0065803.pdb,6.82
00367_r1feb2024_0007492.pdb,6.11
00028_cpr7p_0014526.pdb,8.73
00381_r1feb2024_0021930.pdb,5.41
00017_cpr7p_0002748.pdb,8.72
00036_cpr7p_0022465.pdb,6.96
00371_r1feb2024_0011265.pdb,5.58
00031_cpr7p_0016613.pdb,8.42
00418_r1feb2024_0058956.pdb,5.98
00362_r1feb2024_0002341.pdb,6.45
00357_okr6d_0000055.pdb,7.11
00390_r1feb2024_0031162.pdb,5.8
00412_r1feb2024_0052273.pdb,5.4
00004_cppc_0003324.pdb,10.82
00011_cppc_0010292.pdb,10.8
00040_cpr7p_0026198.pdb,6.5
00422_r1feb2024_0062412.pdb,5.89
00419_r1feb2024_0059469.pdb,6.74
00015_cpr7p_0000850.pdb,7.13
00388_r1feb2024_0028913.pdb,6.35
00394_r1feb2024_0034801.pdb,6.62
00418_r1feb2024_0058200.pdb,5.74
00009_cppc_0008773.pdb,10.74
00418_r1feb2024_0058287.pdb,5.57
00032_cpr7p_0017850.pdb,9.63
00387_r1feb2024_0027861.pdb,5.82
00386_r1feb2024_0026451.pdb,6.34
00382_r1feb2024_0022984.pdb,6.28
00371_r1feb2024_0011433.pdb,5.14
00371_r1feb2024_0011428.pdb,5.39
00357_okr6d_0000358.pdb,6.93
00371_r1feb2024_0011715.pdb,5.16
00375_r1feb2024_0015497.pdb,5.14
00169_dnfs_0118456.pdb,5.97
00371_r1feb2024_0011499.pdb,5.02
00418_r1feb2024_0058976.pdb,4.95
00050_cpr7p_0035917.pdb,7.89
00428_r1feb2024_0068385.pdb,5.15
00358_okr6d_0000574.pdb,6.59
00357_okr6d_0000027.pdb,6.64
00371_r1feb2024_0011344.pdb,6.02
00388_r1feb2024_0028710.pdb,5.3
00027_cpr7p_0012664.pdb,5.94
00402_r1feb2024_0042266.pdb,6.31
00031_cpr7p_0017281.pdb,6.84
00400_r1feb2024_0040240.pdb,5.54
00370_r1feb2024_0011131.pdb,4.96
00362_r1feb2024_0002514.pdb,5.04
00028_cpr7p_0013649.pdb,7.75
00375_r1feb2024_0015891.pdb,5.82
00018_cpr7p_0003904.pdb,7.82
00333_dnfs_0282442.pdb,4.74
00400_r1feb2024_0041134.pdb,5.01
00025_cpr7p_0011483.pdb,7.94
00369_r1feb2024_0009965.pdb,5.22
00388_r1feb2024_0028624.pdb,4.79
00391_r1feb2024_0032060.pdb,4.49
00370_r1feb2024_0011125.pdb,4.38
00046_cpr7p_0031617.pdb,5.58
00048_cpr7p_0033724.pdb,8.73
00416_r1feb2024_0056977.pdb,5.08
00401_r1feb2024_0041830.pdb,4.95
00419_r1feb2024_0059474.pdb,5.48
00358_okr6d_0000560.pdb,5.51
00367_r1feb2024_0007986.pdb,4.5
00357_okr6d_0000116.pdb,5.78
00417_r1feb2024_0057720.pdb,4.62
00035_cpr7p_0020852.pdb,5.06
00371_r1feb2024_0011854.pdb,5.11
00397_r1feb2024_0037882.pdb,4.34
00419_r1feb2024_0059503.pdb,5.3
00017_cpr7p_0003469.pdb,5.3
00428_r1feb2024_0068609.pdb,4.36
00365_r1feb2024_0005319.pdb,5.71
00400_r1feb2024_0040232.pdb,5.24
00366_r1feb2024_0006942.pdb,4.1
00418_r1feb2024_0058222.pdb,4.24
00011_cppc_0010646.pdb,9.52
00387_r1feb2024_0027776.pdb,4.37
00028_cpr7p_0014454.pdb,6.63
00400_r1feb2024_0040226.pdb,4.54
00418_r1feb2024_0058290.pdb,4.4
00418_r1feb2024_0058180.pdb,3.78
00410_r1feb2024_0050558.pdb,5.27
00022_cpr7p_0008234.pdb,8.87
00358_okr6d_0000505.pdb,5.67
00418_r1feb2024_0058186.pdb,3.82
00369_r1feb2024_0010110.pdb,5.24
00418_r1feb2024_0058533.pdb,4.06
00004_cppc_0003971.pdb,9.75
00418_r1feb2024_0058780.pdb,3.84
00385_r1feb2024_0026044.pdb,4.8
00403_r1feb2024_0043198.pdb,5.51
00011_cppc_0010993.pdb,9.22
00382_r1feb2024_0022452.pdb,4.19
00371_r1feb2024_0011694.pdb,4.93
00397_r1feb2024_0037536.pdb,5.62
00416_r1feb2024_0056575.pdb,4.7
00044_cpr7p_0030004.pdb,6.75
00001_cppc_0000014.pdb,9.25
00418_r1feb2024_0058322.pdb,3.82
00015_cpr7p_0000719.pdb,6.3
00394_r1feb2024_0034243.pdb,5.16
00047_cpr7p_0033555.pdb,6.98
00357_okr6d_0000090.pdb,5.63
00388_r1feb2024_0028535.pdb,3.97
00014_cppc_0013171.pdb,9.44
00013_cppc_0012398.pdb,9.49
00388_r1feb2024_0028962.pdb,3.93
00425_r1feb2024_0065367.pdb,5.08
00029_cpr7p_0015565.pdb,6.89
00386_r1feb2024_0026889.pdb,3.94
00418_r1feb2024_0058209.pdb,4.01
00408_r1feb2024_0048842.pdb,5.53
00387_r1feb2024_0028051.pdb,4.11
00417_r1feb2024_0058072.pdb,4.62
00386_r1feb2024_0026930.pdb,4.62
00420_r1feb2024_0060299.pdb,5.28
00406_r1feb2024_0046853.pdb,5.33
00251_dnfs_0200792.pdb,5.44
00418_r1feb2024_0058508.pdb,3.94
00049_cpr7p_0035436.pdb,4.84
00357_okr6d_0000149.pdb,5.65
00412_r1feb2024_0052515.pdb,4.39
00003_cppc_0002185.pdb,9.65
00418_r1feb2024_0058594.pdb,4.17
00400_r1feb2024_0040875.pdb,4.48
00418_r1feb2024_0058663.pdb,4.1
00357_okr6d_0000152.pdb,6.05
00418_r1feb2024_0058776.pdb,4.23
00414_r1feb2024_0054259.pdb,5.21
00361_r1feb2024_0001391.pdb,5.5
00010_cppc_0009704.pdb,9.28
00365_r1feb2024_0005738.pdb,4.57
00006_cppc_0005692.pdb,9.15
00002_cppc_0001845.pdb,9.55
00402_r1feb2024_0042684.pdb,4.81
00388_r1feb2024_0028331.pdb,3.97
00347_dnfs_0296723.pdb,5.04
00419_r1feb2024_0059987.pdb,5.07
00388_r1feb2024_0028430.pdb,5.22
00050_cpr7p_0036179.pdb,7.36
00019_cpr7p_0005402.pdb,4.56
00418_r1feb2024_0059004.pdb,4.52
00315_dnfs_0263962.pdb,4.82
00020_cpr7p_0006449.pdb,8.12
00041_cpr7p_0027207.pdb,5.95
00418_r1feb2024_0058657.pdb,4.3
00007_cppc_0006267.pdb,9.84
00405_r1feb2024_0045434.pdb,5.84
00388_r1feb2024_0028618.pdb,4.23
00362_r1feb2024_0002569.pdb,3.99
00047_cpr7p_0033389.pdb,7.78
00390_r1feb2024_0030717.pdb,5.0
00400_r1feb2024_0040290.pdb,4.58
00411_r1feb2024_0052105.pdb,4.18
00046_cpr7p_0032049.pdb,6.22
00418_r1feb2024_0058640.pdb,5.0
00410_r1feb2024_0051006.pdb,5.17
00022_cpr7p_0007642.pdb,6.35
00045_cpr7p_0030769.pdb,6.26
00370_r1feb2024_0010281.pdb,5.28
00039_cpr7p_0025033.pdb,5.14
00408_r1feb2024_0048538.pdb,5.28
00413_r1feb2024_0053846.pdb,4.62
00408_r1feb2024_0048637.pdb,4.86
00417_r1feb2024_0058175.pdb,4.5
00418_r1feb2024_0058365.pdb,4.44
00044_cpr7p_0030348.pdb,7.77
00418_r1feb2024_0058874.pdb,4.09
00370_r1feb2024_0010902.pdb,4.84
00386_r1feb2024_0027026.pdb,4.62
00418_r1feb2024_0058691.pdb,4.2
00032_cpr7p_0018218.pdb,5.14
00048_cpr7p_0033687.pdb,7.74
00418_r1feb2024_0058199.pdb,4.03
00017_cpr7p_0002909.pdb,4.55
00421_r1feb2024_0061663.pdb,4.71
00371_r1feb2024_0011379.pdb,4.71
00021_cpr7p_0007128.pdb,6.58
00047_cpr7p_0032836.pdb,6.91
00386_r1feb2024_0026854.pdb,5.01
00402_r1feb2024_0042515.pdb,5.34
00037_cpr7p_0023228.pdb,8.21
00400_r1feb2024_0041045.pdb,5.19
00358_okr6d_0000564.pdb,5.76
00035_cpr7p_0021375.pdb,4.77
00043_cpr7p_0029427.pdb,4.9
00358_okr6d_0000602.pdb,5.28
00002_cppc_0001589.pdb,8.68
00040_cpr7p_0026412.pdb,5.01
00401_r1feb2024_0041850.pdb,4.45
00416_r1feb2024_0056395.pdb,4.84
00401_r1feb2024_0041209.pdb,4.49
00006_cppc_0005695.pdb,8.74
00042_cpr7p_0028473.pdb,7.8
00395_r1feb2024_0035810.pdb,3.95
00361_r1feb2024_0001623.pdb,3.77
00036_cpr7p_0021998.pdb,4.76
00003_cppc_0002446.pdb,8.8
00419_r1feb2024_0059890.pdb,4.71
00370_r1feb2024_0010773.pdb,4.64
00382_r1feb2024_0022391.pdb,3.88
00418_r1feb2024_0058327.pdb,3.7
00388_r1feb2024_0028200.pdb,3.76
00387_r1feb2024_0027290.pdb,4.02
00038_cpr7p_0024019.pdb,7.06
00369_r1feb2024_0009561.pdb,4.32
00018_cpr7p_0003599.pdb,5.4
00357_okr6d_0000347.pdb,5.22
00421_r1feb2024_0062096.pdb,4.08
00398_r1feb2024_0038669.pdb,4.9
00357_okr6d_0000033.pdb,5.48
00417_r1feb2024_0058144.pdb,3.71
00371_r1feb2024_0011595.pdb,4.84
00382_r1feb2024_0022931.pdb,4.32
00090_dnfs_0039290.pdb,4.54
00401_r1feb2024_0041755.pdb,4.48
00019_cpr7p_0005247.pdb,5.01
00012_cppc_0011670.pdb,8.52
00383_r1feb2024_0023694.pdb,3.71
00362_r1feb2024_0002459.pdb,4.97
00425_r1feb2024_0065879.pdb,4.83
00037_cpr7p_0022630.pdb,8.81
00041_cpr7p_0026578.pdb,4.89
00357_okr6d_0000164.pdb,5.23
00042_cpr7p_0028123.pdb,7.99
00395_r1feb2024_0035980.pdb,3.96
00370_r1feb2024_0011136.pdb,3.74
00419_r1feb2024_0059964.pdb,4.98
00039_cpr7p_0024958.pdb,4.95
00030_cpr7p_0015740.pdb,5.55
00388_r1feb2024_0029017.pdb,4.34
00394_r1feb2024_0034306.pdb,4.01
00038_cpr7p_0024525.pdb,7.15
00426_r1feb2024_0066928.pdb,4.07
00047_cpr7p_0032799.pdb,7.68
00035_cpr7p_0020844.pdb,7.7
00418_r1feb2024_0059057.pdb,4.77
00419_r1feb2024_0059770.pdb,4.97
00394_r1feb2024_0034258.pdb,4.4
00382_r1feb2024_0022472.pdb,4.08
00028_cpr7p_0014295.pdb,6.0
00418_r1feb2024_0058467.pdb,3.86
00385_r1feb2024_0025507.pdb,4.92
00418_r1feb2024_0058264.pdb,4.28
00001_cppc_0000964.pdb,8.73
00418_r1feb2024_0058347.pdb,3.64
00371_r1feb2024_0011910.pdb,3.75
00012_cppc_0011877.pdb,8.79
00381_r1feb2024_0021543.pdb,3.7
00418_r1feb2024_0058501.pdb,4.95
00425_r1feb2024_0065663.pdb,3.74
00367_r1feb2024_0007432.pdb,4.57
00397_r1feb2024_0037868.pdb,4.88
00409_r1feb2024_0049960.pdb,4.15
00419_r1feb2024_0059444.pdb,4.91
00379_r1feb2024_0019391.pdb,4.83
00034_cpr7p_0019784.pdb,6.6
00417_r1feb2024_0057218.pdb,4.39
00417_r1feb2024_0058131.pdb,3.65
00404_r1feb2024_0044303.pdb,4.1
00415_r1feb2024_0056084.pdb,4.32
00006_cppc_0005696.pdb,8.74
00032_cpr7p_0018248.pdb,6.06
00206_dnfs_0155236.pdb,4.97
00388_r1feb2024_0028315.pdb,3.85
00402_r1feb2024_0042414.pdb,4.81
00419_r1feb2024_0059866.pdb,4.79
00188_dnfs_0137326.pdb,4.12
00401_r1feb2024_0041309.pdb,4.55
00388_r1feb2024_0028447.pdb,3.8
00002_cppc_0001162.pdb,8.69
00386_r1feb2024_0026829.pdb,4.32
00436_r1feb2024_0076338.pdb,4.09
00370_r1feb2024_0010828.pdb,4.81
00412_r1feb2024_0052522.pdb,4.79
00418_r1feb2024_0058634.pdb,4.48
00003_cppc_0002555.pdb,8.59
00394_r1feb2024_0034260.pdb,4.83
00402_r1feb2024_0042620.pdb,4.36
00036_cpr7p_0022550.pdb,5.8
00026_cpr7p_0012228.pdb,7.3
00403_r1feb2024_0043604.pdb,4.32
00010_cppc_0009697.pdb,8.75
00376_r1feb2024_0016710.pdb,4.36
00402_r1feb2024_0042516.pdb,4.12
00408_r1feb2024_0048566.pdb,5.08
00388_r1feb2024_0028825.pdb,3.66
00050_cpr7p_0036512.pdb,4.72
00409_r1feb2024_0049413.pdb,4.27
00001_cppc_0000195.pdb,8.79
00344_dnfs_0293692.pdb,4.11
00352_dnfs_0301708.pdb,4.12
00045_cpr7p_0031165.pdb,5.29
00370_r1feb2024_0011116.pdb,3.72
00371_r1feb2024_0011198.pdb,3.89
00166_dnfs_0115519.pdb,4.34
00043_cpr7p_0029232.pdb,4.99
00014_cpr7p_0000224.pdb,7.77
00357_okr6d_0000085.pdb,5.44
00021_cpr7p_0007329.pdb,4.87
00360_r1feb2024_0000333.pdb,4.96
00388_r1feb2024_0028467.pdb,4.16
00425_r1feb2024_0065759.pdb,4.63
00401_r1feb2024_0041512.pdb,5.1
00367_r1feb2024_0007790.pdb,4.3
00010_cppc_0009155.pdb,8.61
00038_cpr7p_0023618.pdb,5.6
00032_cpr7p_0017571.pdb,7.76
00003_cppc_0002546.pdb,8.69
00359_r1feb2024_0000135.pdb,3.82
00047_cpr7p_0032782.pdb,5.21
00010_cppc_0009650.pdb,8.54
00389_r1feb2024_0029819.pdb,3.64
00387_r1feb2024_0027749.pdb,4.56
00038_cpr7p_0023813.pdb,4.92
00030_cpr7p_0016096.pdb,5.34
00369_r1feb2024_0009811.pdb,4.69
00046_cpr7p_0032415.pdb,4.35
00013_cppc_0012027.pdb,8.62
00380_r1feb2024_0020326.pdb,4.85
00388_r1feb2024_0028477.pdb,3.9
00387_r1feb2024_0028159.pdb,4.58
00016_cpr7p_0002463.pdb,5.34
00402_r1feb2024_0042778.pdb,4.53
00418_r1feb2024_0059156.pdb,4.76
00411_r1feb2024_0051326.pdb,4.77
00013_cppc_0012291.pdb,8.68
00014_cppc_0013418.pdb,8.65
00413_r1feb2024_0053772.pdb,4.13
00371_r1feb2024_0011353.pdb,4.91
00428_r1feb2024_0068635.pdb,4.16
00401_r1feb2024_0042092.pdb,4.16
00043_cpr7p_0029035.pdb,4.86
00400_r1feb2024_0041147.pdb,4.45
00418_r1feb2024_0058617.pdb,4.21
00386_r1feb2024_0026504.pdb,4.32
00418_r1feb2024_0058479.pdb,3.58
00032_cpr7p_0017973.pdb,6.06
00424_r1feb2024_0064417.pdb,5.04
00038_cpr7p_0023905.pdb,5.68
00418_r1feb2024_0059115.pdb,5.01
00397_r1feb2024_0037598.pdb,4.06
00383_r1feb2024_0023372.pdb,5.09
00424_r1feb2024_0065042.pdb,4.84
00027_cpr7p_0012659.pdb,6.13
00046_cpr7p_0031846.pdb,5.9
00419_r1feb2024_0059971.pdb,4.95
00416_r1feb2024_0057078.pdb,4.48
00397_r1feb2024_0037325.pdb,5.03
00401_r1feb2024_0041291.pdb,4.47
00357_okr6d_0000069.pdb,5.51
00032_cpr7p_0018216.pdb,4.93
00012_cppc_0011855.pdb,8.84
00418_r1feb2024_0058599.pdb,3.54
00011_cppc_0010617.pdb,8.53
00020_cpr7p_0005578.pdb,4.56
00028_cpr7p_0014560.pdb,5.04
00418_r1feb2024_0058566.pdb,3.95
00001_cppc_0000780.pdb,8.59
00286_dnfs_0235102.pdb,4.12
00386_r1feb2024_0026392.pdb,4.49
00376_r1feb2024_0016935.pdb,4.31
00415_r1feb2024_0056124.pdb,5.0
00048_cpr7p_0034191.pdb,4.89
00401_r1feb2024_0041947.pdb,4.46
00419_r1feb2024_0059288.pdb,5.15
00026_cpr7p_0011762.pdb,5.01
00418_r1feb2024_0058308.pdb,4.81
00367_r1feb2024_0007517.pdb,4.79
00401_r1feb2024_0041281.pdb,4.41
00068_dnfs_0017631.pdb,4.51
00015_cpr7p_0000730.pdb,7.89
00045_cpr7p_0030758.pdb,6.31
00380_r1feb2024_0020583.pdb,4.32
00391_r1feb2024_0031627.pdb,4.17
00401_r1feb2024_0041713.pdb,4.48
00021_cpr7p_0006610.pdb,6.37
00369_r1feb2024_0009228.pdb,4.78
00429_r1feb2024_0069520.pdb,3.86
00417_r1feb2024_0057656.pdb,4.33
00380_r1feb2024_0020678.pdb,4.06
00424_r1feb2024_0064701.pdb,3.87
00207_dnfs_0156425.pdb,4.37
00050_cpr7p_0036085.pdb,8.86
00372_r1feb2024_0013047.pdb,4.57
00380_r1feb2024_0020893.pdb,4.05
00046_cpr7p_0032205.pdb,4.74
00418_r1feb2024_0058540.pdb,3.86
00196_dnfs_0145661.pdb,4.67
00102_dnfs_0050977.pdb,4.41
00007_cppc_0006774.pdb,8.72
00396_r1feb2024_0036808.pdb,4.47
00418_r1feb2024_0058753.pdb,4.29
00418_r1feb2024_0058831.pdb,3.62
00435_r1feb2024_0075733.pdb,4.64
00380_r1feb2024_0020971.pdb,4.27
00365_r1feb2024_0005520.pdb,4.41
00411_r1feb2024_0051988.pdb,4.07
00004_cppc_0003518.pdb,8.5
00380_r1feb2024_0020571.pdb,4.86
00418_r1feb2024_0058825.pdb,3.93
00021_cpr7p_0007376.pdb,4.93
00031_cpr7p_0016592.pdb,4.58
00014_cpr7p_0000117.pdb,5.79
00401_r1feb2024_0041330.pdb,4.55
00043_cpr7p_0029031.pdb,4.97
00371_r1feb2024_0012079.pdb,4.1
00389_r1feb2024_0029271.pdb,4.12
00379_r1feb2024_0020071.pdb,4.85
00418_r1feb2024_0058687.pdb,4.16
00393_r1feb2024_0033229.pdb,4.73
00003_cppc_0002247.pdb,8.41
00418_r1feb2024_0058770.pdb,3.99
00370_r1feb2024_0011120.pdb,4.91
00386_r1feb2024_0027095.pdb,4.53
00022_cpr7p_0008261.pdb,7.49
00040_cpr7p_0026162.pdb,4.68
00397_r1feb2024_0038103.pdb,4.45
00392_r1feb2024_0033092.pdb,4.69
00380_r1feb2024_0020249.pdb,4.67
00371_r1feb2024_0011838.pdb,3.89
00369_r1feb2024_0010001.pdb,4.61
00409_r1feb2024_0049181.pdb,3.98
00035_cpr7p_0020998.pdb,7.91
00418_r1feb2024_0058611.pdb,4.54
00358_okr6d_0000643.pdb,5.32
00368_r1feb2024_0009052.pdb,3.86
00013_cppc_0012923.pdb,8.73
00406_r1feb2024_0046814.pdb,4.27
00418_r1feb2024_0058589.pdb,3.62
00362_r1feb2024_0002645.pdb,3.72
00095_dnfs_0044177.pdb,4.36
00002_cppc_0001878.pdb,8.5
00001_cppc_0000214.pdb,8.61
00413_r1feb2024_0053402.pdb,5.18
00414_r1feb2024_0054945.pdb,4.66
00002_cppc_0001389.pdb,8.59
00379_r1feb2024_0020058.pdb,4.05
00401_r1feb2024_0041823.pdb,4.48
00422_r1feb2024_0062462.pdb,5.04
00418_r1feb2024_0058941.pdb,3.83
00404_r1feb2024_0044882.pdb,4.96
00374_r1feb2024_0014742.pdb,4.46
00392_r1feb2024_0033168.pdb,4.85
00358_okr6d_0000658.pdb,5.28
00011_cppc_0010497.pdb,8.83
00034_cpr7p_0020239.pdb,6.15
00418_r1feb2024_0058437.pdb,3.71
00391_r1feb2024_0031890.pdb,4.7
00418_r1feb2024_0058908.pdb,3.88
00357_okr6d_0000144.pdb,5.44
00186_dnfs_0135226.pdb,4.31
00385_r1feb2024_0025534.pdb,4.05
00016_cpr7p_0001989.pdb,7.78
00387_r1feb2024_0028126.pdb,3.96
00026_cpr7p_0012121.pdb,6.27
00371_r1feb2024_0011394.pdb,3.75
00409_r1feb2024_0049500.pdb,4.5
00380_r1feb2024_0020510.pdb,4.04
00368_r1feb2024_0008916.pdb,4.55
00379_r1feb2024_0019919.pdb,4.56
00380_r1feb2024_0020661.pdb,4.86
00384_r1feb2024_0024382.pdb,4.32
00038_cpr7p_0023773.pdb,4.35
00418_r1feb2024_0058571.pdb,3.87
00364_r1feb2024_0005055.pdb,4.43
00050_cpr7p_0035932.pdb,5.29
00001_cppc_0000995.pdb,8.56
00008_cppc_0007613.pdb,8.57
00419_r1feb2024_0059912.pdb,4.49
00404_r1feb2024_0044374.pdb,5.05
00371_r1feb2024_0011669.pdb,3.7
00401_r1feb2024_0041598.pdb,4.54
00008_cppc_0007328.pdb,8.62
00402_r1feb2024_0042377.pdb,4.16
00416_r1feb2024_0056904.pdb,4.86
00050_cpr7p_0035914.pdb,5.55
00419_r1feb2024_0059901.pdb,4.77
00006_cppc_0005596.pdb,8.7
00425_r1feb2024_0065315.pdb,4.85
00418_r1feb2024_0058689.pdb,4.27
00402_r1feb2024_0042661.pdb,4.07
00028_cpr7p_0013819.pdb,7.15
00370_r1feb2024_0010761.pdb,4.76
00395_r1feb2024_0035230.pdb,3.98
00032_cpr7p_0018455.pdb,7.63
00219_dnfs_0168369.pdb,4.57
00012_cppc_0011598.pdb,8.78
00417_r1feb2024_0058107.pdb,4.56
00418_r1feb2024_0058541.pdb,3.6
00421_r1feb2024_0061781.pdb,4.4
00035_cpr7p_0020718.pdb,7.78
00374_r1feb2024_0014303.pdb,4.89
00422_r1feb2024_0062986.pdb,4.46
00401_r1feb2024_0041359.pdb,4.49
00013_cppc_0012336.pdb,8.59
00039_cpr7p_0025073.pdb,7.02
00400_r1feb2024_0040289.pdb,4.04
00365_r1feb2024_0005881.pdb,4.17
00357_okr6d_0000451.pdb,5.25
00030_cpr7p_0015702.pdb,4.9
00002_cppc_0001918.pdb,8.62
00395_r1feb2024_0035478.pdb,4.02
00361_r1feb2024_0001417.pdb,3.76
00400_r1feb2024_0040502.pdb,3.96
00357_okr6d_0000398.pdb,5.11
00365_r1feb2024_0005241.pdb,4.05
00370_r1feb2024_0010412.pdb,4.5
00048_cpr7p_0034435.pdb,4.58
00382_r1feb2024_0022241.pdb,4.4
00392_r1feb2024_0033031.pdb,4.76
00366_r1feb2024_0006484.pdb,4.03
00036_cpr7p_0022004.pdb,6.34
00428_r1feb2024_0068307.pdb,4.08
00400_r1feb2024_0040769.pdb,4.23
00388_r1feb2024_0028353.pdb,4.51
00373_r1feb2024_0014019.pdb,4.31
00027_cpr7p_0013033.pdb,7.85
00238_dnfs_0187091.pdb,4.4
00418_r1feb2024_0058255.pdb,3.69
00401_r1feb2024_0041388.pdb,4.44
00418_r1feb2024_0058262.pdb,4.55
00419_r1feb2024_0060004.pdb,4.95
00418_r1feb2024_0058375.pdb,3.59
00412_r1feb2024_0052684.pdb,3.9
00386_r1feb2024_0026290.pdb,4.47
00386_r1feb2024_0026253.pdb,3.98
00417_r1feb2024_0057728.pdb,4.5
00038_cpr7p_0024409.pdb,4.87
00395_r1feb2024_0035317.pdb,4.01
00404_r1feb2024_0044659.pdb,4.96
00043_cpr7p_0028961.pdb,6.45
00039_cpr7p_0024982.pdb,4.86
00418_r1feb2024_0058513.pdb,3.98
00239_dnfs_0188276.pdb,4.82
00389_r1feb2024_0029249.pdb,4.13
00416_r1feb2024_0056476.pdb,3.57
00396_r1feb2024_0037120.pdb,4.7
00024_cpr7p_0009647.pdb,4.84
00417_r1feb2024_0058033.pdb,3.93
00418_r1feb2024_0058948.pdb,3.89
00401_r1feb2024_0041917.pdb,5.04
00370_r1feb2024_0010260.pdb,4.87
00035_cpr7p_0021009.pdb,6.13
00387_r1feb2024_0027504.pdb,4.8
00412_r1feb2024_0052759.pdb,4.7
00418_r1feb2024_0058351.pdb,3.63
00418_r1feb2024_0058215.pdb,3.81
00388_r1feb2024_0028506.pdb,3.89
00418_r1feb2024_0058927.pdb,3.66
00402_r1feb2024_0043033.pdb,4.29
00370_r1feb2024_0010432.pdb,4.63
00425_r1feb2024_0065812.pdb,4.88
00114_dnfs_0063496.pdb,4.81
00395_r1feb2024_0035226.pdb,4.03
00019_cpr7p_0005171.pdb,6.44
00401_r1feb2024_0041763.pdb,4.29
00371_r1feb2024_0011873.pdb,3.97
00036_cpr7p_0022436.pdb,4.92
00398_r1feb2024_0038492.pdb,4.69
00014_cppc_0013124.pdb,8.71
00421_r1feb2024_0061815.pdb,4.73
00410_r1feb2024_0050272.pdb,4.81
00025_cpr7p_0011106.pdb,4.99
00012_cppc_0011007.pdb,8.67
00400_r1feb2024_0040531.pdb,3.82
00400_r1feb2024_0041143.pdb,4.32
00392_r1feb2024_0033165.pdb,4.7
00365_r1feb2024_0005506.pdb,4.02
00031_cpr7p_0017172.pdb,6.34
00366_r1feb2024_0006951.pdb,4.28
00016_cpr7p_0001673.pdb,7.95
00004_cppc_0003392.pdb,8.65
00388_r1feb2024_0028435.pdb,4.35
00004_cppc_0003348.pdb,8.64
00045_cpr7p_0031173.pdb,6.92
00371_r1feb2024_0011264.pdb,4.52
00418_r1feb2024_0058832.pdb,3.71
00357_okr6d_0000458.pdb,5.3
00050_cpr7p_0036067.pdb,7.14
00418_r1feb2024_0059150.pdb,4.82
00397_r1feb2024_0037959.pdb,5.18
00419_r1feb2024_0059876.pdb,4.85
00015_cpr7p_0000939.pdb,6.18
00388_r1feb2024_0028228.pdb,5.07
00418_r1feb2024_0058632.pdb,3.87
00419_r1feb2024_0059523.pdb,5.02
00007_cppc_0006941.pdb,8.47
00001_cppc_0000100.pdb,8.75
00043_cpr7p_0028998.pdb,7.92
00394_r1feb2024_0034390.pdb,4.39
00357_okr6d_0000092.pdb,5.4
00366_r1feb2024_0006256.pdb,4.14
00025_cpr7p_0011077.pdb,4.99
00001_cppc_0000574.pdb,8.78
00026_cpr7p_0011960.pdb,4.98
00020_cpr7p_0006168.pdb,4.85
00046_cpr7p_0032098.pdb,4.43
00022_cpr7p_0008123.pdb,5.56
00418_r1feb2024_0058337.pdb,4.24
00403_r1feb2024_0043993.pdb,4.13
00419_r1feb2024_0059993.pdb,4.78
00246_dnfs_0195020.pdb,4.57
00371_r1feb2024_0011521.pdb,3.82
00040_cpr7p_0025743.pdb,7.83
00416_r1feb2024_0056547.pdb,4.7
00418_r1feb2024_0059147.pdb,4.96
00380_r1feb2024_0020554.pdb,3.85
00386_r1feb2024_0026431.pdb,4.15
00018_cpr7p_0003622.pdb,4.93
00401_r1feb2024_0041501.pdb,4.62
00419_r1feb2024_0059410.pdb,4.47
00018_cpr7p_0004438.pdb,4.99
00366_r1feb2024_0006228.pdb,4.09
00029_cpr7p_0014741.pdb,5.56
00429_r1feb2024_0069704.pdb,3.82
00418_r1feb2024_0058561.pdb,3.88
00043_cpr7p_0028911.pdb,5.95
00395_r1feb2024_0035368.pdb,3.97
00006_cppc_0005978.pdb,8.9
00425_r1feb2024_0065761.pdb,3.79
00002_cppc_0001295.pdb,8.51
00418_r1feb2024_0058425.pdb,3.56
00032_cpr7p_0017957.pdb,5.0
00403_r1feb2024_0043932.pdb,3.98
00418_r1feb2024_0058310.pdb,3.92
00357_okr6d_0000041.pdb,5.2
00005_cppc_0004760.pdb,8.49
00039_cpr7p_0024734.pdb,6.38
00382_r1feb2024_0022199.pdb,4.5
00028_cpr7p_0014035.pdb,4.87
00022_cpr7p_0007790.pdb,5.0
00050_cpr7p_0036246.pdb,7.0
00419_r1feb2024_0059737.pdb,4.72
00388_r1feb2024_0028746.pdb,3.89
00412_r1feb2024_0052258.pdb,3.96
00370_r1feb2024_0010502.pdb,4.55
00404_r1feb2024_0044350.pdb,5.15
00421_r1feb2024_0061575.pdb,5.04
00419_r1feb2024_0059395.pdb,4.78
00403_r1feb2024_0043362.pdb,4.48
00421_r1feb2024_0061720.pdb,4.57
00366_r1feb2024_0006483.pdb,3.86
00042_cpr7p_0028350.pdb,6.27
00423_r1feb2024_0064127.pdb,4.71
00397_r1feb2024_0037950.pdb,4.22
00419_r1feb2024_0059832.pdb,4.34
00388_r1feb2024_0028728.pdb,3.68
00416_r1feb2024_0056671.pdb,5.04
00039_cpr7p_0024659.pdb,6.1
00403_r1feb2024_0043954.pdb,4.38
00385_r1feb2024_0025877.pdb,4.87
00421_r1feb2024_0062042.pdb,4.1
00019_cpr7p_0004999.pdb,7.88
00388_r1feb2024_0028293.pdb,4.59
00418_r1feb2024_0058368.pdb,3.75
00370_r1feb2024_0010834.pdb,4.83
00371_r1feb2024_0011243.pdb,3.74
00364_r1feb2024_0005073.pdb,3.68
00107_dnfs_0056803.pdb,4.56
00357_okr6d_0000047.pdb,5.44
00349_dnfs_0298557.pdb,4.15
00412_r1feb2024_0052940.pdb,3.89
00024_cpr7p_0009632.pdb,6.82
00409_r1feb2024_0049819.pdb,4.86
00367_r1feb2024_0007413.pdb,4.81
00015_cpr7p_0000693.pdb,7.05
00388_r1feb2024_0029154.pdb,4.33
00418_r1feb2024_0058428.pdb,3.95
00425_r1feb2024_0065642.pdb,4.59
00037_cpr7p_0023529.pdb,7.18
00402_r1feb2024_0042616.pdb,4.02
00419_r1feb2024_0059769.pdb,4.78
00397_r1feb2024_0037813.pdb,5.06
00389_r1feb2024_0029352.pdb,3.85
00168_dnfs_0117709.pdb,4.31
00412_r1feb2024_0052789.pdb,3.94
00365_r1feb2024_0005484.pdb,4.05
00395_r1feb2024_0035439.pdb,4.45
00025_cpr7p_0011489.pdb,5.63
00015_cpr7p_0000871.pdb,4.93
00397_r1feb2024_0038039.pdb,4.87
00398_r1feb2024_0038591.pdb,4.33
00418_r1feb2024_0058985.pdb,3.94
00037_cpr7p_0023547.pdb,4.61
00358_okr6d_0000637.pdb,5.28
00361_r1feb2024_0002119.pdb,3.79
00397_r1feb2024_0037937.pdb,4.11
00418_r1feb2024_0059003.pdb,3.95
00418_r1feb2024_0058742.pdb,3.85
00383_r1feb2024_0023853.pdb,3.75
00418_r1feb2024_0058731.pdb,3.95
00398_r1feb2024_0038340.pdb,3.78
00357_okr6d_0000490.pdb,5.12
00369_r1feb2024_0010031.pdb,5.26
00425_r1feb2024_0065337.pdb,4.64
00379_r1feb2024_0020145.pdb,4.04
00417_r1feb2024_0058167.pdb,3.7
00030_cpr7p_0016149.pdb,6.43
00036_cpr7p_0022013.pdb,7.97
00032_cpr7p_0017773.pdb,7.73
00397_r1feb2024_0037314.pdb,5.01
00041_cpr7p_0027342.pdb,6.08
00362_r1feb2024_0002742.pdb,4.44
00405_r1feb2024_0046065.pdb,4.82
00388_r1feb2024_0028393.pdb,3.78
00419_r1feb2024_0059777.pdb,4.96
00380_r1feb2024_0020832.pdb,4.7
00028_cpr7p_0013732.pdb,4.94
00357_okr6d_0000355.pdb,5.3
00369_r1feb2024_0010017.pdb,4.55
00419_r1feb2024_0059396.pdb,4.78
00400_r1feb2024_0040338.pdb,3.97
00424_r1feb2024_0064828.pdb,5.12
00371_r1feb2024_0011956.pdb,3.79
00400_r1feb2024_0040284.pdb,3.93
00419_r1feb2024_0059720.pdb,5.09
00415_r1feb2024_0055903.pdb,4.28
00418_r1feb2024_0058242.pdb,3.6
00393_r1feb2024_0033919.pdb,3.94
00401_r1feb2024_0041364.pdb,4.47
00029_cpr7p_0015564.pdb,7.1
00041_cpr7p_0027156.pdb,4.98
00045_cpr7p_0030875.pdb,5.88
00388_r1feb2024_0028720.pdb,3.64
00357_okr6d_0000366.pdb,5.17
00034_cpr7p_0020315.pdb,6.92
00037_cpr7p_0023153.pdb,6.48
00041_cpr7p_0027111.pdb,7.9
00385_r1feb2024_0025809.pdb,4.72
00388_r1feb2024_0028972.pdb,3.94
00190_dnfs_0139220.pdb,4.62
00402_r1feb2024_0042360.pdb,4.33
00015_cpr7p_0000954.pdb,6.65
00050_cpr7p_0036428.pdb,4.99
00094_dnfs_0043160.pdb,4.31
00421_r1feb2024_0061251.pdb,4.54
00393_r1feb2024_0033462.pdb,5.07
00021_cpr7p_0007526.pdb,4.97
00412_r1feb2024_0052233.pdb,4.62
00418_r1feb2024_0058302.pdb,3.53
00046_cpr7p_0032004.pdb,7.58
00395_r1feb2024_0035999.pdb,4.04
00045_cpr7p_0030924.pdb,6.96
00418_r1feb2024_0058786.pdb,3.81
00437_r1feb2024_0077226.pdb,5.15
00020_cpr7p_0006115.pdb,7.22
00401_r1feb2024_0042017.pdb,4.28
00370_r1feb2024_0010370.pdb,5.02
00378_r1feb2024_0018801.pdb,5.09
00021_cpr7p_0007438.pdb,6.16
00402_r1feb2024_0042303.pdb,4.24
00419_r1feb2024_0059225.pdb,4.73
00387_r1feb2024_0028170.pdb,4.2
00371_r1feb2024_0011970.pdb,3.93
00022_cpr7p_0007711.pdb,4.72
00417_r1feb2024_0058064.pdb,4.27
00416_r1feb2024_0056196.pdb,3.92
00370_r1feb2024_0010342.pdb,4.52
00419_r1feb2024_0059208.pdb,4.91
00434_r1feb2024_0074700.pdb,4.13
00388_r1feb2024_0028664.pdb,4.54
00358_okr6d_0000581.pdb,5.32
00400_r1feb2024_0040609.pdb,3.96
00015_cpr7p_0001532.pdb,7.0
00422_r1feb2024_0062490.pdb,3.98
00388_r1feb2024_0028534.pdb,4.51
00402_r1feb2024_0042637.pdb,4.24
00401_r1feb2024_0041792.pdb,5.0
00418_r1feb2024_0058633.pdb,3.67
00358_okr6d_0000617.pdb,5.1
00374_r1feb2024_0014666.pdb,4.5
00049_cpr7p_0035256.pdb,5.3
00400_r1feb2024_0040802.pdb,4.14
00371_r1feb2024_0011646.pdb,4.07
00358_okr6d_0000645.pdb,5.1
00417_r1feb2024_0058020.pdb,4.42
00035_cpr7p_0020865.pdb,5.28
00401_r1feb2024_0041499.pdb,4.49
00418_r1feb2024_0058885.pdb,3.68
00358_okr6d_0000652.pdb,5.3
00401_r1feb2024_0041182.pdb,4.69
00358_okr6d_0000632.pdb,5.24
00005_cppc_0004283.pdb,8.44
00358_okr6d_0000517.pdb,5.22
00038_cpr7p_0024091.pdb,6.48
00367_r1feb2024_0007430.pdb,4.29
00031_cpr7p_0016688.pdb,4.95
00403_r1feb2024_0043975.pdb,4.51
00382_r1feb2024_0022956.pdb,3.9
00411_r1feb2024_0052015.pdb,4.04
00407_r1feb2024_0047885.pdb,5.06
00380_r1feb2024_0020390.pdb,4.87
00419_r1feb2024_0059934.pdb,4.95
00418_r1feb2024_0058772.pdb,3.83
00048_cpr7p_0033980.pdb,4.76
00018_cpr7p_0003639.pdb,5.34
00427_r1feb2024_0068109.pdb,4.16
00120_dnfs_0069101.pdb,4.39
00007_cppc_0006569.pdb,8.69
00387_r1feb2024_0028083.pdb,3.85
00367_r1feb2024_0007494.pdb,4.04
00010_cppc_0009632.pdb,8.55
00373_r1feb2024_0013829.pdb,3.97
00008_cppc_0007989.pdb,8.55
00418_r1feb2024_0058553.pdb,3.83
00387_r1feb2024_0028064.pdb,4.17
00011_cppc_0010421.pdb,8.57
00404_r1feb2024_0044682.pdb,3.83
00027_cpr7p_0012941.pdb,5.26
00129_dnfs_0078753.pdb,4.12
00046_cpr7p_0032497.pdb,5.0
00021_cpr7p_0007162.pdb,4.36
00025_cpr7p_0011103.pdb,4.9
00016_cpr7p_0002133.pdb,4.39
00405_r1feb2024_0045815.pdb,5.01
00002_cppc_0001137.pdb,8.57
00001_cppc_0000402.pdb,8.66
00021_cpr7p_0006882.pdb,6.9
00401_r1feb2024_0041815.pdb,4.48
00002_cppc_0001833.pdb,8.62
00388_r1feb2024_0028210.pdb,4.56
00370_r1feb2024_0011172.pdb,3.8
00417_r1feb2024_0057368.pdb,4.5
00007_cppc_0006952.pdb,8.64
00155_dnfs_0104349.pdb,4.11
00417_r1feb2024_0058058.pdb,4.27
00005_cppc_0004256.pdb,8.65
00418_r1feb2024_0058386.pdb,3.58
00422_r1feb2024_0062632.pdb,4.14
00386_r1feb2024_0026928.pdb,4.47
00400_r1feb2024_0040606.pdb,4.78
00393_r1feb2024_0034133.pdb,4.69
00403_r1feb2024_0043812.pdb,4.04
00014_cppc_0013050.pdb,8.6
00417_r1feb2024_0058083.pdb,3.61
00359_r1feb2024_0000097.pdb,4.27
00418_r1feb2024_0058434.pdb,3.8
00402_r1feb2024_0043022.pdb,4.16
00399_r1feb2024_0040116.pdb,3.95
00044_cpr7p_0030395.pdb,8.0
00389_r1feb2024_0029310.pdb,3.85
00403_r1feb2024_0043904.pdb,4.0
00371_r1feb2024_0011738.pdb,4.85
00370_r1feb2024_0011104.pdb,3.83
00418_r1feb2024_0058955.pdb,4.84
