rna,CLASH,Z-CLASH
00031_cpr7p_0017255.pdb,22.26,-0.37
00043_cpr7p_0028786.pdb,26.2,-0.56
00391_r1feb2024_0031575.pdb,0.0,0.65
00400_r1feb2024_0040414.pdb,0.54,0.63
00407_r1feb2024_0047668.pdb,0.0,0.65
00386_r1feb2024_0027004.pdb,0.0,0.65
00002_cppc_0001941.pdb,25.82,-0.54
00419_r1feb2024_0059345.pdb,0.0,0.65
00382_r1feb2024_0022719.pdb,0.0,0.65
00018_cpr7p_0004386.pdb,37.31,-1.07
00399_r1feb2024_0040129.pdb,0.34,0.64
00419_r1feb2024_0059302.pdb,0.0,0.65
00418_r1feb2024_0058779.pdb,0.0,0.65
00425_r1feb2024_0065682.pdb,0.0,0.65
00418_r1feb2024_0058702.pdb,1.7,0.57
00383_r1feb2024_0023272.pdb,0.0,0.65
00366_r1feb2024_0006425.pdb,0.0,0.65
00376_r1feb2024_0017141.pdb,1.1,0.6
00397_r1feb2024_0037829.pdb,0.0,0.65
00399_r1feb2024_0040123.pdb,0.0,0.65
00369_r1feb2024_0009212.pdb,0.31,0.64
00380_r1feb2024_0020956.pdb,0.33,0.64
00382_r1feb2024_0022819.pdb,0.0,0.65
00394_r1feb2024_0034271.pdb,0.0,0.65
00381_r1feb2024_0021526.pdb,0.0,0.65
00425_r1feb2024_0065944.pdb,0.0,0.65
00401_r1feb2024_0041714.pdb,0.48,0.63
00192_dnfs_0141620.pdb,53.56,-1.82
00394_r1feb2024_0034798.pdb,0.0,0.65
00361_r1feb2024_0002041.pdb,0.33,0.64
00428_r1feb2024_0068220.pdb,0.0,0.65
00380_r1feb2024_0020323.pdb,0.0,0.65
00401_r1feb2024_0042077.pdb,0.0,0.65
00011_cppc_0010129.pdb,36.3,-1.02
00050_cpr7p_0036433.pdb,28.97,-0.68
00047_cpr7p_0032709.pdb,24.31,-0.47
00029_cpr7p_0015337.pdb,26.28,-0.56
00415_r1feb2024_0055546.pdb,0.32,0.64
00403_r1feb2024_0043555.pdb,0.56,0.63
00397_r1feb2024_0037497.pdb,0.0,0.65
00390_r1feb2024_0030263.pdb,0.0,0.65
00373_r1feb2024_0013812.pdb,0.43,0.63
00371_r1feb2024_0011777.pdb,0.0,0.65
00371_r1feb2024_0011515.pdb,0.0,0.65
00402_r1feb2024_0042477.pdb,0.5,0.63
00028_cpr7p_0014150.pdb,31.9,-0.82
00029_cpr7p_0015274.pdb,10.68,0.16
00371_r1feb2024_0011358.pdb,0.0,0.65
00019_cpr7p_0005132.pdb,28.39,-0.66
00418_r1feb2024_0058820.pdb,0.58,0.63
00048_cpr7p_0033949.pdb,40.4,-1.21
00368_r1feb2024_0009100.pdb,0.0,0.65
00418_r1feb2024_0058977.pdb,0.0,0.65
00032_cpr7p_0018446.pdb,37.0,-1.05
00389_r1feb2024_0030000.pdb,0.0,0.65
00044_cpr7p_0030342.pdb,48.49,-1.58
00032_cpr7p_0017600.pdb,25.87,-0.54
00413_r1feb2024_0053518.pdb,0.0,0.65
00380_r1feb2024_0020626.pdb,0.0,0.65
00387_r1feb2024_0028114.pdb,0.0,0.65
00365_r1feb2024_0005488.pdb,0.0,0.65
00397_r1feb2024_0037363.pdb,0.0,0.65
00418_r1feb2024_0059021.pdb,0.0,0.65
00418_r1feb2024_0058257.pdb,0.0,0.65
00418_r1feb2024_0058853.pdb,0.0,0.65
00385_r1feb2024_0025761.pdb,0.0,0.65
00026_cpr7p_0012459.pdb,42.66,-1.32
00371_r1feb2024_0011716.pdb,0.0,0.65
00402_r1feb2024_0042662.pdb,0.0,0.65
00418_r1feb2024_0058737.pdb,0.0,0.65
00028_cpr7p_0014456.pdb,7.35,0.31
00388_r1feb2024_0028359.pdb,0.0,0.65
00419_r1feb2024_0059513.pdb,0.0,0.65
00417_r1feb2024_0058050.pdb,1.23,0.6
00370_r1feb2024_0010471.pdb,0.0,0.65
00388_r1feb2024_0028977.pdb,1.55,0.58
00049_cpr7p_0034999.pdb,10.13,0.18
00402_r1feb2024_0042930.pdb,0.0,0.65
00371_r1feb2024_0011817.pdb,0.0,0.65
00418_r1feb2024_0058485.pdb,0.0,0.65
00400_r1feb2024_0040733.pdb,0.0,0.65
00003_cppc_0002211.pdb,38.11,-1.11
00418_r1feb2024_0058921.pdb,0.0,0.65
00013_cppc_0012525.pdb,32.02,-0.82
00014_cpr7p_0000382.pdb,69.66,-2.56
00419_r1feb2024_0059988.pdb,0.0,0.65
00003_cppc_0002441.pdb,37.35,-1.07
00418_r1feb2024_0058243.pdb,0.0,0.65
00428_r1feb2024_0068733.pdb,0.0,0.65
00418_r1feb2024_0058851.pdb,0.0,0.65
00365_r1feb2024_0005916.pdb,0.0,0.65
00388_r1feb2024_0028856.pdb,0.0,0.65
00369_r1feb2024_0010166.pdb,0.0,0.65
00417_r1feb2024_0057494.pdb,0.56,0.63
00409_r1feb2024_0049683.pdb,0.0,0.65
00006_cppc_0005528.pdb,38.38,-1.12
00422_r1feb2024_0062958.pdb,0.0,0.65
00391_r1feb2024_0031846.pdb,0.0,0.65
00417_r1feb2024_0057963.pdb,0.0,0.65
00003_cppc_0002687.pdb,29.41,-0.7
00381_r1feb2024_0021319.pdb,0.0,0.65
00409_r1feb2024_0049280.pdb,1.25,0.59
00040_cpr7p_0025701.pdb,69.63,-2.56
00404_r1feb2024_0044855.pdb,0.0,0.65
00404_r1feb2024_0044601.pdb,0.0,0.65
00024_cpr7p_0010100.pdb,26.85,-0.59
00045_cpr7p_0031326.pdb,31.95,-0.82
00042_cpr7p_0028287.pdb,29.3,-0.7
00044_cpr7p_0030409.pdb,23.63,-0.44
00416_r1feb2024_0056622.pdb,0.86,0.61
00398_r1feb2024_0038728.pdb,1.03,0.6
00102_dnfs_0051595.pdb,54.32,-1.85
00397_r1feb2024_0037440.pdb,0.0,0.65
00036_cpr7p_0022297.pdb,45.17,-1.43
00419_r1feb2024_0059453.pdb,0.34,0.64
00425_r1feb2024_0065790.pdb,0.0,0.65
00399_r1feb2024_0040110.pdb,0.0,0.65
00237_dnfs_0186284.pdb,75.67,-2.84
00041_cpr7p_0027422.pdb,10.49,0.17
00044_cpr7p_0029767.pdb,56.54,-1.96
00416_r1feb2024_0057066.pdb,0.35,0.64
00022_cpr7p_0008523.pdb,34.46,-0.94
00418_r1feb2024_0058936.pdb,1.91,0.56
00403_r1feb2024_0043576.pdb,0.0,0.65
00040_cpr7p_0026324.pdb,30.62,-0.76
00400_r1feb2024_0040218.pdb,0.0,0.65
00370_r1feb2024_0010776.pdb,0.0,0.65
00394_r1feb2024_0034574.pdb,0.0,0.65
00414_r1feb2024_0055048.pdb,0.0,0.65
00370_r1feb2024_0011048.pdb,0.0,0.65
00418_r1feb2024_0058470.pdb,0.0,0.65
00016_cpr7p_0002092.pdb,25.55,-0.53
00373_r1feb2024_0013254.pdb,0.0,0.65
00417_r1feb2024_0058014.pdb,0.0,0.65
00418_r1feb2024_0058647.pdb,0.0,0.65
00038_cpr7p_0024212.pdb,39.06,-1.15
00418_r1feb2024_0058249.pdb,0.0,0.65
00386_r1feb2024_0026443.pdb,0.0,0.65
00358_okr6d_0000520.pdb,80.08,-3.04
00427_r1feb2024_0068091.pdb,0.0,0.65
00419_r1feb2024_0059739.pdb,0.0,0.65
00424_r1feb2024_0064199.pdb,0.0,0.65
00422_r1feb2024_0062315.pdb,0.73,0.62
00026_cpr7p_0012481.pdb,24.1,-0.46
00404_r1feb2024_0044255.pdb,0.0,0.65
00045_cpr7p_0031428.pdb,26.22,-0.56
00009_cppc_0008577.pdb,29.32,-0.7
00418_r1feb2024_0058389.pdb,0.0,0.65
00387_r1feb2024_0027521.pdb,0.0,0.65
00018_cpr7p_0004444.pdb,30.48,-0.75
00039_cpr7p_0024927.pdb,17.35,-0.15
00387_r1feb2024_0028002.pdb,0.0,0.65
00425_r1feb2024_0065803.pdb,0.0,0.65
00367_r1feb2024_0007492.pdb,0.0,0.65
00028_cpr7p_0014526.pdb,49.74,-1.64
00381_r1feb2024_0021930.pdb,0.0,0.65
00017_cpr7p_0002748.pdb,18.46,-0.2
00036_cpr7p_0022465.pdb,26.13,-0.55
00371_r1feb2024_0011265.pdb,0.0,0.65
00031_cpr7p_0016613.pdb,32.81,-0.86
00418_r1feb2024_0058956.pdb,0.0,0.65
00362_r1feb2024_0002341.pdb,0.0,0.65
00357_okr6d_0000055.pdb,65.25,-2.36
00390_r1feb2024_0031162.pdb,0.64,0.62
00412_r1feb2024_0052273.pdb,6.42,0.36
00004_cppc_0003324.pdb,43.7,-1.36
00011_cppc_0010292.pdb,28.6,-0.67
00040_cpr7p_0026198.pdb,19.46,-0.25
00422_r1feb2024_0062412.pdb,0.0,0.65
00419_r1feb2024_0059469.pdb,0.0,0.65
00015_cpr7p_0000850.pdb,50.29,-1.67
00388_r1feb2024_0028913.pdb,0.0,0.65
00394_r1feb2024_0034801.pdb,0.0,0.65
00418_r1feb2024_0058200.pdb,0.0,0.65
00009_cppc_0008773.pdb,20.28,-0.28
00418_r1feb2024_0058287.pdb,0.0,0.65
00032_cpr7p_0017850.pdb,20.03,-0.27
00387_r1feb2024_0027861.pdb,0.0,0.65
00386_r1feb2024_0026451.pdb,0.0,0.65
00382_r1feb2024_0022984.pdb,0.0,0.65
00371_r1feb2024_0011433.pdb,0.0,0.65
00371_r1feb2024_0011428.pdb,0.0,0.65
00357_okr6d_0000358.pdb,59.61,-2.1
00371_r1feb2024_0011715.pdb,0.0,0.65
00375_r1feb2024_0015497.pdb,8.91,0.24
00169_dnfs_0118456.pdb,74.55,-2.79
00371_r1feb2024_0011499.pdb,0.0,0.65
00418_r1feb2024_0058976.pdb,0.0,0.65
00050_cpr7p_0035917.pdb,31.65,-0.81
00428_r1feb2024_0068385.pdb,0.0,0.65
00358_okr6d_0000574.pdb,63.78,-2.29
00357_okr6d_0000027.pdb,64.76,-2.33
00371_r1feb2024_0011344.pdb,0.0,0.65
00388_r1feb2024_0028710.pdb,0.0,0.65
00027_cpr7p_0012664.pdb,10.15,0.18
00402_r1feb2024_0042266.pdb,0.0,0.65
00031_cpr7p_0017281.pdb,35.53,-0.99
00400_r1feb2024_0040240.pdb,0.0,0.65
00370_r1feb2024_0011131.pdb,0.0,0.65
00362_r1feb2024_0002514.pdb,0.0,0.65
00028_cpr7p_0013649.pdb,34.47,-0.94
00375_r1feb2024_0015891.pdb,0.0,0.65
00018_cpr7p_0003904.pdb,29.42,-0.7
00333_dnfs_0282442.pdb,58.71,-2.06
00400_r1feb2024_0041134.pdb,0.0,0.65
00025_cpr7p_0011483.pdb,51.33,-1.72
00369_r1feb2024_0009965.pdb,0.0,0.65
00388_r1feb2024_0028624.pdb,0.0,0.65
00391_r1feb2024_0032060.pdb,0.0,0.65
00370_r1feb2024_0011125.pdb,0.0,0.65
00046_cpr7p_0031617.pdb,8.69,0.25
00048_cpr7p_0033724.pdb,47.51,-1.54
00416_r1feb2024_0056977.pdb,0.92,0.61
00401_r1feb2024_0041830.pdb,0.0,0.65
00419_r1feb2024_0059474.pdb,0.0,0.65
00358_okr6d_0000560.pdb,80.46,-3.06
00367_r1feb2024_0007986.pdb,0.0,0.65
00357_okr6d_0000116.pdb,66.22,-2.4
00417_r1feb2024_0057720.pdb,0.0,0.65
00035_cpr7p_0020852.pdb,19.96,-0.27
00371_r1feb2024_0011854.pdb,0.0,0.65
00397_r1feb2024_0037882.pdb,0.0,0.65
00419_r1feb2024_0059503.pdb,0.0,0.65
00017_cpr7p_0003469.pdb,23.38,-0.43
00428_r1feb2024_0068609.pdb,0.0,0.65
00365_r1feb2024_0005319.pdb,0.0,0.65
00400_r1feb2024_0040232.pdb,0.0,0.65
00366_r1feb2024_0006942.pdb,0.99,0.61
00418_r1feb2024_0058222.pdb,0.0,0.65
00011_cppc_0010646.pdb,35.03,-0.96
00387_r1feb2024_0027776.pdb,0.0,0.65
00028_cpr7p_0014454.pdb,24.98,-0.5
00400_r1feb2024_0040226.pdb,0.0,0.65
00418_r1feb2024_0058290.pdb,0.0,0.65
00418_r1feb2024_0058180.pdb,0.0,0.65
00410_r1feb2024_0050558.pdb,0.75,0.62
00022_cpr7p_0008234.pdb,48.04,-1.56
00358_okr6d_0000505.pdb,69.54,-2.55
00418_r1feb2024_0058186.pdb,0.0,0.65
00369_r1feb2024_0010110.pdb,0.0,0.65
00418_r1feb2024_0058533.pdb,0.0,0.65
00004_cppc_0003971.pdb,40.02,-1.19
00418_r1feb2024_0058780.pdb,0.0,0.65
00385_r1feb2024_0026044.pdb,0.0,0.65
00403_r1feb2024_0043198.pdb,0.79,0.62
00011_cppc_0010993.pdb,26.31,-0.56
00382_r1feb2024_0022452.pdb,0.0,0.65
00371_r1feb2024_0011694.pdb,0.0,0.65
00397_r1feb2024_0037536.pdb,0.0,0.65
00416_r1feb2024_0056575.pdb,0.0,0.65
00044_cpr7p_0030004.pdb,31.7,-0.81
00001_cppc_0000014.pdb,26.72,-0.58
00418_r1feb2024_0058322.pdb,0.0,0.65
00015_cpr7p_0000719.pdb,28.74,-0.67
00394_r1feb2024_0034243.pdb,0.0,0.65
00047_cpr7p_0033555.pdb,33.23,-0.88
00357_okr6d_0000090.pdb,80.44,-3.06
00388_r1feb2024_0028535.pdb,0.0,0.65
00014_cppc_0013171.pdb,24.13,-0.46
00013_cppc_0012398.pdb,23.52,-0.43
00388_r1feb2024_0028962.pdb,0.0,0.65
00425_r1feb2024_0065367.pdb,0.0,0.65
00029_cpr7p_0015565.pdb,39.6,-1.17
00386_r1feb2024_0026889.pdb,0.0,0.65
00418_r1feb2024_0058209.pdb,0.0,0.65
00408_r1feb2024_0048842.pdb,0.0,0.65
00387_r1feb2024_0028051.pdb,0.0,0.65
00417_r1feb2024_0058072.pdb,0.0,0.65
00386_r1feb2024_0026930.pdb,0.0,0.65
00420_r1feb2024_0060299.pdb,0.34,0.64
00406_r1feb2024_0046853.pdb,0.37,0.63
00251_dnfs_0200792.pdb,55.15,-1.89
00418_r1feb2024_0058508.pdb,0.0,0.65
00049_cpr7p_0035436.pdb,20.45,-0.29
00357_okr6d_0000149.pdb,81.93,-3.13
00412_r1feb2024_0052515.pdb,6.22,0.36
00003_cppc_0002185.pdb,35.34,-0.98
00418_r1feb2024_0058594.pdb,0.0,0.65
00400_r1feb2024_0040875.pdb,0.0,0.65
00418_r1feb2024_0058663.pdb,0.0,0.65
00357_okr6d_0000152.pdb,64.94,-2.34
00418_r1feb2024_0058776.pdb,0.0,0.65
00414_r1feb2024_0054259.pdb,0.0,0.65
00361_r1feb2024_0001391.pdb,9.06,0.23
00010_cppc_0009704.pdb,17.47,-0.15
00365_r1feb2024_0005738.pdb,0.0,0.65
00006_cppc_0005692.pdb,20.41,-0.29
00002_cppc_0001845.pdb,21.15,-0.32
00402_r1feb2024_0042684.pdb,0.0,0.65
00388_r1feb2024_0028331.pdb,0.0,0.65
00347_dnfs_0296723.pdb,53.07,-1.8
00419_r1feb2024_0059987.pdb,0.0,0.65
00388_r1feb2024_0028430.pdb,0.0,0.65
00050_cpr7p_0036179.pdb,44.35,-1.39
00019_cpr7p_0005402.pdb,24.3,-0.47
00418_r1feb2024_0059004.pdb,0.0,0.65
00315_dnfs_0263962.pdb,75.98,-2.85
00020_cpr7p_0006449.pdb,51.84,-1.74
00041_cpr7p_0027207.pdb,20.97,-0.32
00418_r1feb2024_0058657.pdb,0.0,0.65
00007_cppc_0006267.pdb,30.85,-0.77
00405_r1feb2024_0045434.pdb,0.0,0.65
00388_r1feb2024_0028618.pdb,0.0,0.65
00362_r1feb2024_0002569.pdb,0.0,0.65
00047_cpr7p_0033389.pdb,46.19,-1.48
00390_r1feb2024_0030717.pdb,0.75,0.62
00400_r1feb2024_0040290.pdb,0.0,0.65
00411_r1feb2024_0052105.pdb,0.89,0.61
00046_cpr7p_0032049.pdb,56.1,-1.94
00418_r1feb2024_0058640.pdb,0.0,0.65
00410_r1feb2024_0051006.pdb,0.92,0.61
00022_cpr7p_0007642.pdb,20.34,-0.29
00045_cpr7p_0030769.pdb,25.47,-0.52
00370_r1feb2024_0010281.pdb,0.38,0.63
00039_cpr7p_0025033.pdb,24.56,-0.48
00408_r1feb2024_0048538.pdb,0.0,0.65
00413_r1feb2024_0053846.pdb,0.0,0.65
00408_r1feb2024_0048637.pdb,0.46,0.63
00417_r1feb2024_0058175.pdb,0.0,0.65
00418_r1feb2024_0058365.pdb,0.0,0.65
00044_cpr7p_0030348.pdb,41.42,-1.26
00418_r1feb2024_0058874.pdb,0.0,0.65
00370_r1feb2024_0010902.pdb,0.0,0.65
00386_r1feb2024_0027026.pdb,0.0,0.65
00418_r1feb2024_0058691.pdb,0.0,0.65
00032_cpr7p_0018218.pdb,30.8,-0.77
00048_cpr7p_0033687.pdb,41.42,-1.26
00418_r1feb2024_0058199.pdb,0.0,0.65
00017_cpr7p_0002909.pdb,16.11,-0.09
00421_r1feb2024_0061663.pdb,0.0,0.65
00371_r1feb2024_0011379.pdb,0.0,0.65
00021_cpr7p_0007128.pdb,14.41,-0.01
00047_cpr7p_0032836.pdb,65.16,-2.35
00386_r1feb2024_0026854.pdb,0.43,0.63
00402_r1feb2024_0042515.pdb,0.38,0.63
00037_cpr7p_0023228.pdb,49.84,-1.65
00400_r1feb2024_0041045.pdb,4.27,0.45
00358_okr6d_0000564.pdb,60.56,-2.14
00035_cpr7p_0021375.pdb,36.7,-1.04
00043_cpr7p_0029427.pdb,32.71,-0.86
00358_okr6d_0000602.pdb,77.24,-2.91
00002_cppc_0001589.pdb,33.89,-0.91
00040_cpr7p_0026412.pdb,32.37,-0.84
00401_r1feb2024_0041850.pdb,0.0,0.65
00416_r1feb2024_0056395.pdb,0.0,0.65
00401_r1feb2024_0041209.pdb,0.0,0.65
00006_cppc_0005695.pdb,34.17,-0.92
00042_cpr7p_0028473.pdb,51.12,-1.71
00395_r1feb2024_0035810.pdb,0.0,0.65
00361_r1feb2024_0001623.pdb,0.0,0.65
00036_cpr7p_0021998.pdb,19.45,-0.25
00003_cppc_0002446.pdb,34.8,-0.95
00419_r1feb2024_0059890.pdb,0.0,0.65
00370_r1feb2024_0010773.pdb,0.0,0.65
00382_r1feb2024_0022391.pdb,0.0,0.65
00418_r1feb2024_0058327.pdb,0.0,0.65
00388_r1feb2024_0028200.pdb,0.0,0.65
00387_r1feb2024_0027290.pdb,0.76,0.62
00038_cpr7p_0024019.pdb,31.44,-0.8
00369_r1feb2024_0009561.pdb,0.55,0.63
00018_cpr7p_0003599.pdb,22.27,-0.38
00357_okr6d_0000347.pdb,74.71,-2.79
00421_r1feb2024_0062096.pdb,0.0,0.65
00398_r1feb2024_0038669.pdb,0.0,0.65
00357_okr6d_0000033.pdb,67.58,-2.46
00417_r1feb2024_0058144.pdb,0.0,0.65
00371_r1feb2024_0011595.pdb,0.0,0.65
00382_r1feb2024_0022931.pdb,0.56,0.63
00090_dnfs_0039290.pdb,52.96,-1.79
00401_r1feb2024_0041755.pdb,0.0,0.65
00019_cpr7p_0005247.pdb,18.09,-0.18
00012_cppc_0011670.pdb,26.46,-0.57
00383_r1feb2024_0023694.pdb,0.0,0.65
00362_r1feb2024_0002459.pdb,0.0,0.65
00425_r1feb2024_0065879.pdb,0.0,0.65
00037_cpr7p_0022630.pdb,40.32,-1.21
00041_cpr7p_0026578.pdb,17.59,-0.16
00357_okr6d_0000164.pdb,72.17,-2.68
00042_cpr7p_0028123.pdb,42.37,-1.3
00395_r1feb2024_0035980.pdb,0.0,0.65
00370_r1feb2024_0011136.pdb,0.0,0.65
00419_r1feb2024_0059964.pdb,0.0,0.65
00039_cpr7p_0024958.pdb,23.96,-0.45
00030_cpr7p_0015740.pdb,41.58,-1.27
00388_r1feb2024_0029017.pdb,0.0,0.65
00394_r1feb2024_0034306.pdb,0.0,0.65
00038_cpr7p_0024525.pdb,46.47,-1.49
00426_r1feb2024_0066928.pdb,0.0,0.65
00047_cpr7p_0032799.pdb,15.93,-0.08
00035_cpr7p_0020844.pdb,23.77,-0.44
00418_r1feb2024_0059057.pdb,0.0,0.65
00419_r1feb2024_0059770.pdb,0.0,0.65
00394_r1feb2024_0034258.pdb,0.5,0.63
00382_r1feb2024_0022472.pdb,0.7,0.62
00028_cpr7p_0014295.pdb,8.28,0.27
00418_r1feb2024_0058467.pdb,0.0,0.65
00385_r1feb2024_0025507.pdb,0.0,0.65
00418_r1feb2024_0058264.pdb,0.58,0.63
00001_cppc_0000964.pdb,29.12,-0.69
00418_r1feb2024_0058347.pdb,0.0,0.65
00371_r1feb2024_0011910.pdb,0.0,0.65
00012_cppc_0011877.pdb,44.96,-1.42
00381_r1feb2024_0021543.pdb,0.0,0.65
00418_r1feb2024_0058501.pdb,0.0,0.65
00425_r1feb2024_0065663.pdb,0.0,0.65
00367_r1feb2024_0007432.pdb,0.44,0.63
00397_r1feb2024_0037868.pdb,0.0,0.65
00409_r1feb2024_0049960.pdb,0.0,0.65
00419_r1feb2024_0059444.pdb,0.0,0.65
00379_r1feb2024_0019391.pdb,0.0,0.65
00034_cpr7p_0019784.pdb,68.42,-2.5
00417_r1feb2024_0057218.pdb,0.0,0.65
00417_r1feb2024_0058131.pdb,0.0,0.65
00404_r1feb2024_0044303.pdb,0.0,0.65
00415_r1feb2024_0056084.pdb,0.0,0.65
00006_cppc_0005696.pdb,40.63,-1.22
00032_cpr7p_0018248.pdb,20.71,-0.3
00206_dnfs_0155236.pdb,94.44,-3.7
00388_r1feb2024_0028315.pdb,0.0,0.65
00402_r1feb2024_0042414.pdb,0.0,0.65
00419_r1feb2024_0059866.pdb,0.0,0.65
00188_dnfs_0137326.pdb,62.5,-2.23
00401_r1feb2024_0041309.pdb,0.0,0.65
00388_r1feb2024_0028447.pdb,0.0,0.65
00002_cppc_0001162.pdb,35.25,-0.97
00386_r1feb2024_0026829.pdb,0.57,0.63
00436_r1feb2024_0076338.pdb,0.0,0.65
00370_r1feb2024_0010828.pdb,15.28,-0.05
00412_r1feb2024_0052522.pdb,9.09,0.23
00418_r1feb2024_0058634.pdb,0.0,0.65
00003_cppc_0002555.pdb,25.35,-0.52
00394_r1feb2024_0034260.pdb,0.0,0.65
00402_r1feb2024_0042620.pdb,0.0,0.65
00036_cpr7p_0022550.pdb,32.69,-0.86
00026_cpr7p_0012228.pdb,51.9,-1.74
00403_r1feb2024_0043604.pdb,0.0,0.65
00010_cppc_0009697.pdb,39.16,-1.15
00376_r1feb2024_0016710.pdb,0.53,0.63
00402_r1feb2024_0042516.pdb,0.0,0.65
00408_r1feb2024_0048566.pdb,0.0,0.65
00388_r1feb2024_0028825.pdb,1.54,0.58
00050_cpr7p_0036512.pdb,12.22,0.09
00409_r1feb2024_0049413.pdb,0.0,0.65
00001_cppc_0000195.pdb,38.62,-1.13
00344_dnfs_0293692.pdb,71.43,-2.64
00352_dnfs_0301708.pdb,75.69,-2.84
00045_cpr7p_0031165.pdb,31.93,-0.82
00370_r1feb2024_0011116.pdb,0.0,0.65
00371_r1feb2024_0011198.pdb,0.0,0.65
00166_dnfs_0115519.pdb,56.31,-1.94
00043_cpr7p_0029232.pdb,13.15,0.05
00014_cpr7p_0000224.pdb,27.13,-0.6
00357_okr6d_0000085.pdb,67.68,-2.47
00021_cpr7p_0007329.pdb,27.2,-0.6
00360_r1feb2024_0000333.pdb,0.33,0.64
00388_r1feb2024_0028467.pdb,0.0,0.65
00425_r1feb2024_0065759.pdb,0.0,0.65
00401_r1feb2024_0041512.pdb,0.32,0.64
00367_r1feb2024_0007790.pdb,0.56,0.63
00010_cppc_0009155.pdb,25.78,-0.54
00038_cpr7p_0023618.pdb,41.07,-1.24
00032_cpr7p_0017571.pdb,50.47,-1.68
00003_cppc_0002546.pdb,34.53,-0.94
00359_r1feb2024_0000135.pdb,0.0,0.65
00047_cpr7p_0032782.pdb,28.31,-0.65
00010_cppc_0009650.pdb,18.98,-0.22
00389_r1feb2024_0029819.pdb,0.0,0.65
00387_r1feb2024_0027749.pdb,0.43,0.63
00038_cpr7p_0023813.pdb,22.69,-0.39
00030_cpr7p_0016096.pdb,31.76,-0.81
00369_r1feb2024_0009811.pdb,0.0,0.65
00046_cpr7p_0032415.pdb,8.97,0.24
00013_cppc_0012027.pdb,19.03,-0.23
00380_r1feb2024_0020326.pdb,0.35,0.64
00388_r1feb2024_0028477.pdb,0.0,0.65
00387_r1feb2024_0028159.pdb,0.0,0.65
00016_cpr7p_0002463.pdb,31.18,-0.79
00402_r1feb2024_0042778.pdb,0.0,0.65
00418_r1feb2024_0059156.pdb,0.0,0.65
00411_r1feb2024_0051326.pdb,2.35,0.54
00013_cppc_0012291.pdb,37.08,-1.06
00014_cppc_0013418.pdb,30.52,-0.76
00413_r1feb2024_0053772.pdb,0.66,0.62
00371_r1feb2024_0011353.pdb,0.0,0.65
00428_r1feb2024_0068635.pdb,0.0,0.65
00401_r1feb2024_0042092.pdb,0.0,0.65
00043_cpr7p_0029035.pdb,27.52,-0.62
00400_r1feb2024_0041147.pdb,0.0,0.65
00418_r1feb2024_0058617.pdb,0.0,0.65
00386_r1feb2024_0026504.pdb,0.0,0.65
00418_r1feb2024_0058479.pdb,0.0,0.65
00032_cpr7p_0017973.pdb,30.73,-0.77
00424_r1feb2024_0064417.pdb,0.32,0.64
00038_cpr7p_0023905.pdb,26.84,-0.59
00418_r1feb2024_0059115.pdb,0.35,0.64
00397_r1feb2024_0037598.pdb,0.0,0.65
00383_r1feb2024_0023372.pdb,0.0,0.65
00424_r1feb2024_0065042.pdb,0.0,0.65
00027_cpr7p_0012659.pdb,19.33,-0.24
00046_cpr7p_0031846.pdb,36.95,-1.05
00419_r1feb2024_0059971.pdb,0.0,0.65
00416_r1feb2024_0057078.pdb,0.0,0.65
00397_r1feb2024_0037325.pdb,0.0,0.65
00401_r1feb2024_0041291.pdb,0.0,0.65
00357_okr6d_0000069.pdb,65.99,-2.39
00032_cpr7p_0018216.pdb,21.69,-0.35
00012_cppc_0011855.pdb,32.67,-0.85
00418_r1feb2024_0058599.pdb,1.71,0.57
00011_cppc_0010617.pdb,27.75,-0.63
00020_cpr7p_0005578.pdb,28.24,-0.65
00028_cpr7p_0014560.pdb,17.19,-0.14
00418_r1feb2024_0058566.pdb,0.0,0.65
00001_cppc_0000780.pdb,38.81,-1.14
00286_dnfs_0235102.pdb,63.9,-2.29
00386_r1feb2024_0026392.pdb,0.46,0.63
00376_r1feb2024_0016935.pdb,0.54,0.63
00415_r1feb2024_0056124.pdb,0.0,0.65
00048_cpr7p_0034191.pdb,27.09,-0.6
00401_r1feb2024_0041947.pdb,0.0,0.65
00419_r1feb2024_0059288.pdb,5.2,0.41
00026_cpr7p_0011762.pdb,22.51,-0.39
00418_r1feb2024_0058308.pdb,0.0,0.65
00367_r1feb2024_0007517.pdb,1.11,0.6
00401_r1feb2024_0041281.pdb,0.98,0.61
00068_dnfs_0017631.pdb,42.59,-1.31
00015_cpr7p_0000730.pdb,32.74,-0.86
00045_cpr7p_0030758.pdb,29.03,-0.69
00380_r1feb2024_0020583.pdb,0.0,0.65
00391_r1feb2024_0031627.pdb,0.0,0.65
00401_r1feb2024_0041713.pdb,0.0,0.65
00021_cpr7p_0006610.pdb,36.62,-1.04
00369_r1feb2024_0009228.pdb,18.06,-0.18
00429_r1feb2024_0069520.pdb,0.0,0.65
00417_r1feb2024_0057656.pdb,0.0,0.65
00380_r1feb2024_0020678.pdb,0.0,0.65
00424_r1feb2024_0064701.pdb,0.0,0.65
00207_dnfs_0156425.pdb,60.06,-2.12
00050_cpr7p_0036085.pdb,44.13,-1.38
00372_r1feb2024_0013047.pdb,0.43,0.63
00380_r1feb2024_0020893.pdb,0.0,0.65
00046_cpr7p_0032205.pdb,12.83,0.06
00418_r1feb2024_0058540.pdb,2.0,0.56
00196_dnfs_0145661.pdb,42.61,-1.31
00102_dnfs_0050977.pdb,59.3,-2.08
00007_cppc_0006774.pdb,31.92,-0.82
00396_r1feb2024_0036808.pdb,0.0,0.65
00418_r1feb2024_0058753.pdb,0.0,0.65
00418_r1feb2024_0058831.pdb,0.0,0.65
00435_r1feb2024_0075733.pdb,0.83,0.61
00380_r1feb2024_0020971.pdb,0.0,0.65
00365_r1feb2024_0005520.pdb,0.0,0.65
00411_r1feb2024_0051988.pdb,0.0,0.65
00004_cppc_0003518.pdb,16.45,-0.11
00380_r1feb2024_0020571.pdb,0.0,0.65
00418_r1feb2024_0058825.pdb,0.0,0.65
00021_cpr7p_0007376.pdb,34.23,-0.93
00031_cpr7p_0016592.pdb,16.81,-0.12
00014_cpr7p_0000117.pdb,27.91,-0.64
00401_r1feb2024_0041330.pdb,0.0,0.65
00043_cpr7p_0029031.pdb,18.23,-0.19
00371_r1feb2024_0012079.pdb,0.0,0.65
00389_r1feb2024_0029271.pdb,0.0,0.65
00379_r1feb2024_0020071.pdb,0.0,0.65
00418_r1feb2024_0058687.pdb,0.0,0.65
00393_r1feb2024_0033229.pdb,2.01,0.56
00003_cppc_0002247.pdb,14.96,-0.04
00418_r1feb2024_0058770.pdb,0.85,0.61
00370_r1feb2024_0011120.pdb,0.0,0.65
00386_r1feb2024_0027095.pdb,0.0,0.65
00022_cpr7p_0008261.pdb,31.3,-0.79
00040_cpr7p_0026162.pdb,6.9,0.33
00397_r1feb2024_0038103.pdb,0.0,0.65
00392_r1feb2024_0033092.pdb,0.4,0.63
00380_r1feb2024_0020249.pdb,0.0,0.65
00371_r1feb2024_0011838.pdb,0.0,0.65
00369_r1feb2024_0010001.pdb,0.42,0.63
00409_r1feb2024_0049181.pdb,0.0,0.65
00035_cpr7p_0020998.pdb,39.73,-1.18
00418_r1feb2024_0058611.pdb,0.0,0.65
00358_okr6d_0000643.pdb,121.75,-4.96
00368_r1feb2024_0009052.pdb,0.0,0.65
00013_cppc_0012923.pdb,28.13,-0.65
00406_r1feb2024_0046814.pdb,0.0,0.65
00418_r1feb2024_0058589.pdb,0.0,0.65
00362_r1feb2024_0002645.pdb,0.0,0.65
00095_dnfs_0044177.pdb,63.08,-2.26
00002_cppc_0001878.pdb,17.97,-0.18
00001_cppc_0000214.pdb,23.86,-0.45
00413_r1feb2024_0053402.pdb,11.62,0.12
00414_r1feb2024_0054945.pdb,0.0,0.65
00002_cppc_0001389.pdb,33.33,-0.89
00379_r1feb2024_0020058.pdb,0.0,0.65
00401_r1feb2024_0041823.pdb,0.0,0.65
00422_r1feb2024_0062462.pdb,0.65,0.62
00418_r1feb2024_0058941.pdb,1.99,0.56
00404_r1feb2024_0044882.pdb,0.34,0.64
00374_r1feb2024_0014742.pdb,0.47,0.63
00392_r1feb2024_0033168.pdb,8.44,0.26
00358_okr6d_0000658.pdb,78.61,-2.97
00011_cppc_0010497.pdb,57.26,-1.99
00034_cpr7p_0020239.pdb,12.65,0.07
00418_r1feb2024_0058437.pdb,0.0,0.65
00391_r1feb2024_0031890.pdb,0.4,0.63
00418_r1feb2024_0058908.pdb,0.0,0.65
00357_okr6d_0000144.pdb,65.25,-2.36
00186_dnfs_0135226.pdb,52.24,-1.76
00385_r1feb2024_0025534.pdb,0.0,0.65
00016_cpr7p_0001989.pdb,57.73,-2.01
00387_r1feb2024_0028126.pdb,0.0,0.65
00026_cpr7p_0012121.pdb,36.04,-1.01
00371_r1feb2024_0011394.pdb,0.0,0.65
00409_r1feb2024_0049500.pdb,0.47,0.63
00380_r1feb2024_0020510.pdb,0.0,0.65
00368_r1feb2024_0008916.pdb,0.0,0.65
00379_r1feb2024_0019919.pdb,0.43,0.63
00380_r1feb2024_0020661.pdb,0.35,0.64
00384_r1feb2024_0024382.pdb,0.0,0.65
00038_cpr7p_0023773.pdb,16.11,-0.09
00418_r1feb2024_0058571.pdb,0.0,0.65
00364_r1feb2024_0005055.pdb,0.0,0.65
00050_cpr7p_0035932.pdb,40.59,-1.22
00001_cppc_0000995.pdb,28.99,-0.69
00008_cppc_0007613.pdb,32.57,-0.85
00419_r1feb2024_0059912.pdb,0.0,0.65
00404_r1feb2024_0044374.pdb,0.0,0.65
00371_r1feb2024_0011669.pdb,0.0,0.65
00401_r1feb2024_0041598.pdb,0.0,0.65
00008_cppc_0007328.pdb,23.4,-0.43
00402_r1feb2024_0042377.pdb,0.0,0.65
00416_r1feb2024_0056904.pdb,8.21,0.27
00050_cpr7p_0035914.pdb,32.4,-0.84
00419_r1feb2024_0059901.pdb,0.0,0.65
00006_cppc_0005596.pdb,40.76,-1.23
00425_r1feb2024_0065315.pdb,0.0,0.65
00418_r1feb2024_0058689.pdb,0.59,0.62
00402_r1feb2024_0042661.pdb,0.0,0.65
00028_cpr7p_0013819.pdb,59.41,-2.09
00370_r1feb2024_0010761.pdb,0.38,0.63
00395_r1feb2024_0035230.pdb,0.0,0.65
00032_cpr7p_0018455.pdb,41.5,-1.26
00219_dnfs_0168369.pdb,53.09,-1.8
00012_cppc_0011598.pdb,49.39,-1.63
00417_r1feb2024_0058107.pdb,0.44,0.63
00418_r1feb2024_0058541.pdb,0.0,0.65
00421_r1feb2024_0061781.pdb,0.0,0.65
00035_cpr7p_0020718.pdb,27.54,-0.62
00374_r1feb2024_0014303.pdb,0.0,0.65
00422_r1feb2024_0062986.pdb,0.5,0.63
00401_r1feb2024_0041359.pdb,0.0,0.65
00013_cppc_0012336.pdb,26.65,-0.58
00039_cpr7p_0025073.pdb,21.2,-0.33
00400_r1feb2024_0040289.pdb,0.0,0.65
00365_r1feb2024_0005881.pdb,0.0,0.65
00357_okr6d_0000451.pdb,89.11,-3.46
00030_cpr7p_0015702.pdb,17.83,-0.17
00002_cppc_0001918.pdb,23.83,-0.45
00395_r1feb2024_0035478.pdb,0.0,0.65
00361_r1feb2024_0001417.pdb,0.0,0.65
00400_r1feb2024_0040502.pdb,0.0,0.65
00357_okr6d_0000398.pdb,71.77,-2.66
00365_r1feb2024_0005241.pdb,0.0,0.65
00370_r1feb2024_0010412.pdb,0.0,0.65
00048_cpr7p_0034435.pdb,5.25,0.41
00382_r1feb2024_0022241.pdb,0.5,0.63
00392_r1feb2024_0033031.pdb,0.0,0.65
00366_r1feb2024_0006484.pdb,0.0,0.65
00036_cpr7p_0022004.pdb,30.94,-0.77
00428_r1feb2024_0068307.pdb,0.0,0.65
00400_r1feb2024_0040769.pdb,0.0,0.65
00388_r1feb2024_0028353.pdb,0.0,0.65
00373_r1feb2024_0014019.pdb,1.09,0.6
00027_cpr7p_0013033.pdb,27.96,-0.64
00238_dnfs_0187091.pdb,57.44,-2.0
00418_r1feb2024_0058255.pdb,0.0,0.65
00401_r1feb2024_0041388.pdb,0.0,0.65
00418_r1feb2024_0058262.pdb,0.0,0.65
00419_r1feb2024_0060004.pdb,0.0,0.65
00418_r1feb2024_0058375.pdb,1.72,0.57
00412_r1feb2024_0052684.pdb,0.89,0.61
00386_r1feb2024_0026290.pdb,0.5,0.63
00386_r1feb2024_0026253.pdb,0.0,0.65
00417_r1feb2024_0057728.pdb,0.0,0.65
00038_cpr7p_0024409.pdb,18.27,-0.19
00395_r1feb2024_0035317.pdb,0.0,0.65
00404_r1feb2024_0044659.pdb,0.0,0.65
00043_cpr7p_0028961.pdb,44.12,-1.38
00039_cpr7p_0024982.pdb,19.91,-0.27
00418_r1feb2024_0058513.pdb,0.0,0.65
00239_dnfs_0188276.pdb,100.44,-3.98
00389_r1feb2024_0029249.pdb,0.66,0.62
00416_r1feb2024_0056476.pdb,0.0,0.65
00396_r1feb2024_0037120.pdb,0.0,0.65
00024_cpr7p_0009647.pdb,23.34,-0.42
00417_r1feb2024_0058033.pdb,0.0,0.65
00418_r1feb2024_0058948.pdb,0.0,0.65
00401_r1feb2024_0041917.pdb,0.0,0.65
00370_r1feb2024_0010260.pdb,0.0,0.65
00035_cpr7p_0021009.pdb,18.82,-0.22
00387_r1feb2024_0027504.pdb,0.0,0.65
00412_r1feb2024_0052759.pdb,0.0,0.65
00418_r1feb2024_0058351.pdb,0.0,0.65
00418_r1feb2024_0058215.pdb,0.0,0.65
00388_r1feb2024_0028506.pdb,0.0,0.65
00418_r1feb2024_0058927.pdb,0.0,0.65
00402_r1feb2024_0043033.pdb,0.0,0.65
00370_r1feb2024_0010432.pdb,0.0,0.65
00425_r1feb2024_0065812.pdb,0.0,0.65
00114_dnfs_0063496.pdb,96.77,-3.81
00395_r1feb2024_0035226.pdb,0.0,0.65
00019_cpr7p_0005171.pdb,27.87,-0.63
00401_r1feb2024_0041763.pdb,0.0,0.65
00371_r1feb2024_0011873.pdb,0.0,0.65
00036_cpr7p_0022436.pdb,12.64,0.07
00398_r1feb2024_0038492.pdb,0.0,0.65
00014_cppc_0013124.pdb,39.62,-1.18
00421_r1feb2024_0061815.pdb,0.0,0.65
00410_r1feb2024_0050272.pdb,0.0,0.65
00025_cpr7p_0011106.pdb,18.25,-0.19
00012_cppc_0011007.pdb,28.18,-0.65
00400_r1feb2024_0040531.pdb,4.26,0.46
00400_r1feb2024_0041143.pdb,0.0,0.65
00392_r1feb2024_0033165.pdb,0.0,0.65
00365_r1feb2024_0005506.pdb,0.0,0.65
00031_cpr7p_0017172.pdb,41.74,-1.27
00366_r1feb2024_0006951.pdb,0.0,0.65
00016_cpr7p_0001673.pdb,46.81,-1.51
00004_cppc_0003392.pdb,34.54,-0.94
00388_r1feb2024_0028435.pdb,0.0,0.65
00004_cppc_0003348.pdb,27.96,-0.64
00045_cpr7p_0031173.pdb,37.2,-1.06
00371_r1feb2024_0011264.pdb,0.0,0.65
00418_r1feb2024_0058832.pdb,0.0,0.65
00357_okr6d_0000458.pdb,87.2,-3.37
00050_cpr7p_0036067.pdb,42.61,-1.31
00418_r1feb2024_0059150.pdb,0.0,0.65
00397_r1feb2024_0037959.pdb,0.0,0.65
00419_r1feb2024_0059876.pdb,0.0,0.65
00015_cpr7p_0000939.pdb,22.74,-0.4
00388_r1feb2024_0028228.pdb,4.41,0.45
00418_r1feb2024_0058632.pdb,0.0,0.65
00419_r1feb2024_0059523.pdb,0.0,0.65
00007_cppc_0006941.pdb,14.73,-0.03
00001_cppc_0000100.pdb,45.19,-1.43
00043_cpr7p_0028998.pdb,50.5,-1.68
00394_r1feb2024_0034390.pdb,0.0,0.65
00357_okr6d_0000092.pdb,66.24,-2.4
00366_r1feb2024_0006256.pdb,0.68,0.62
00025_cpr7p_0011077.pdb,26.69,-0.58
00001_cppc_0000574.pdb,21.04,-0.32
00026_cpr7p_0011960.pdb,21.4,-0.34
00020_cpr7p_0006168.pdb,24.55,-0.48
00046_cpr7p_0032098.pdb,34.17,-0.92
00022_cpr7p_0008123.pdb,36.72,-1.04
00418_r1feb2024_0058337.pdb,0.6,0.62
00403_r1feb2024_0043993.pdb,0.0,0.65
00419_r1feb2024_0059993.pdb,0.0,0.65
00246_dnfs_0195020.pdb,51.71,-1.73
00371_r1feb2024_0011521.pdb,0.0,0.65
00040_cpr7p_0025743.pdb,35.91,-1.0
00416_r1feb2024_0056547.pdb,13.78,0.02
00418_r1feb2024_0059147.pdb,0.0,0.65
00380_r1feb2024_0020554.pdb,0.0,0.65
00386_r1feb2024_0026431.pdb,0.0,0.65
00018_cpr7p_0003622.pdb,29.81,-0.72
00401_r1feb2024_0041501.pdb,0.0,0.65
00419_r1feb2024_0059410.pdb,0.0,0.65
00018_cpr7p_0004438.pdb,24.3,-0.47
00366_r1feb2024_0006228.pdb,0.0,0.65
00029_cpr7p_0014741.pdb,32.68,-0.86
00429_r1feb2024_0069704.pdb,0.0,0.65
00418_r1feb2024_0058561.pdb,0.0,0.65
00043_cpr7p_0028911.pdb,32.87,-0.86
00395_r1feb2024_0035368.pdb,0.0,0.65
00006_cppc_0005978.pdb,26.61,-0.58
00425_r1feb2024_0065761.pdb,0.0,0.65
00002_cppc_0001295.pdb,32.6,-0.85
00418_r1feb2024_0058425.pdb,0.0,0.65
00032_cpr7p_0017957.pdb,58.44,-2.04
00403_r1feb2024_0043932.pdb,0.0,0.65
00418_r1feb2024_0058310.pdb,0.0,0.65
00357_okr6d_0000041.pdb,71.68,-2.65
00005_cppc_0004760.pdb,31.28,-0.79
00039_cpr7p_0024734.pdb,34.88,-0.96
00382_r1feb2024_0022199.pdb,0.0,0.65
00028_cpr7p_0014035.pdb,25.41,-0.52
00022_cpr7p_0007790.pdb,27.21,-0.6
00050_cpr7p_0036246.pdb,44.19,-1.39
00419_r1feb2024_0059737.pdb,0.0,0.65
00388_r1feb2024_0028746.pdb,0.0,0.65
00412_r1feb2024_0052258.pdb,3.55,0.49
00370_r1feb2024_0010502.pdb,0.0,0.65
00404_r1feb2024_0044350.pdb,0.0,0.65
00421_r1feb2024_0061575.pdb,0.0,0.65
00419_r1feb2024_0059395.pdb,0.0,0.65
00403_r1feb2024_0043362.pdb,0.92,0.61
00421_r1feb2024_0061720.pdb,0.0,0.65
00366_r1feb2024_0006483.pdb,0.0,0.65
00042_cpr7p_0028350.pdb,26.45,-0.57
00423_r1feb2024_0064127.pdb,0.43,0.63
00397_r1feb2024_0037950.pdb,0.0,0.65
00419_r1feb2024_0059832.pdb,0.53,0.63
00388_r1feb2024_0028728.pdb,0.0,0.65
00416_r1feb2024_0056671.pdb,0.0,0.65
00039_cpr7p_0024659.pdb,29.45,-0.71
00403_r1feb2024_0043954.pdb,0.0,0.65
00385_r1feb2024_0025877.pdb,0.0,0.65
00421_r1feb2024_0062042.pdb,0.0,0.65
00019_cpr7p_0004999.pdb,73.72,-2.75
00388_r1feb2024_0028293.pdb,0.0,0.65
00418_r1feb2024_0058368.pdb,0.0,0.65
00370_r1feb2024_0010834.pdb,0.0,0.65
00371_r1feb2024_0011243.pdb,0.0,0.65
00364_r1feb2024_0005073.pdb,0.0,0.65
00107_dnfs_0056803.pdb,42.18,-1.29
00357_okr6d_0000047.pdb,67.3,-2.45
00349_dnfs_0298557.pdb,78.72,-2.98
00412_r1feb2024_0052940.pdb,0.0,0.65
00024_cpr7p_0009632.pdb,28.61,-0.67
00409_r1feb2024_0049819.pdb,0.36,0.64
00367_r1feb2024_0007413.pdb,1.12,0.6
00015_cpr7p_0000693.pdb,28.76,-0.67
00388_r1feb2024_0029154.pdb,0.0,0.65
00418_r1feb2024_0058428.pdb,0.0,0.65
00425_r1feb2024_0065642.pdb,0.0,0.65
00037_cpr7p_0023529.pdb,48.62,-1.59
00402_r1feb2024_0042616.pdb,0.0,0.65
00419_r1feb2024_0059769.pdb,0.0,0.65
00397_r1feb2024_0037813.pdb,0.0,0.65
00389_r1feb2024_0029352.pdb,0.0,0.65
00168_dnfs_0117709.pdb,56.9,-1.97
00412_r1feb2024_0052789.pdb,1.77,0.57
00365_r1feb2024_0005484.pdb,0.0,0.65
00395_r1feb2024_0035439.pdb,0.0,0.65
00025_cpr7p_0011489.pdb,27.78,-0.63
00015_cpr7p_0000871.pdb,42.03,-1.29
00397_r1feb2024_0038039.pdb,0.0,0.65
00398_r1feb2024_0038591.pdb,0.0,0.65
00418_r1feb2024_0058985.pdb,0.0,0.65
00037_cpr7p_0023547.pdb,34.1,-0.92
00358_okr6d_0000637.pdb,67.77,-2.47
00361_r1feb2024_0002119.pdb,1.13,0.6
00397_r1feb2024_0037937.pdb,0.0,0.65
00418_r1feb2024_0059003.pdb,0.0,0.65
00418_r1feb2024_0058742.pdb,0.0,0.65
00383_r1feb2024_0023853.pdb,0.0,0.65
00418_r1feb2024_0058731.pdb,0.0,0.65
00398_r1feb2024_0038340.pdb,1.18,0.6
00357_okr6d_0000490.pdb,72.78,-2.7
00369_r1feb2024_0010031.pdb,13.51,0.03
00425_r1feb2024_0065337.pdb,0.0,0.65
00379_r1feb2024_0020145.pdb,0.0,0.65
00417_r1feb2024_0058167.pdb,0.0,0.65
00030_cpr7p_0016149.pdb,49.67,-1.64
00036_cpr7p_0022013.pdb,56.1,-1.94
00032_cpr7p_0017773.pdb,23.82,-0.45
00397_r1feb2024_0037314.pdb,0.0,0.65
00041_cpr7p_0027342.pdb,21.42,-0.34
00362_r1feb2024_0002742.pdb,0.0,0.65
00405_r1feb2024_0046065.pdb,0.36,0.64
00388_r1feb2024_0028393.pdb,0.0,0.65
00419_r1feb2024_0059777.pdb,0.0,0.65
00380_r1feb2024_0020832.pdb,0.0,0.65
00028_cpr7p_0013732.pdb,41.11,-1.24
00357_okr6d_0000355.pdb,80.53,-3.06
00369_r1feb2024_0010017.pdb,0.0,0.65
00419_r1feb2024_0059396.pdb,0.0,0.65
00400_r1feb2024_0040338.pdb,0.0,0.65
00424_r1feb2024_0064828.pdb,0.0,0.65
00371_r1feb2024_0011956.pdb,0.0,0.65
00400_r1feb2024_0040284.pdb,0.0,0.65
00419_r1feb2024_0059720.pdb,0.0,0.65
00415_r1feb2024_0055903.pdb,0.0,0.65
00418_r1feb2024_0058242.pdb,0.0,0.65
00393_r1feb2024_0033919.pdb,0.0,0.65
00401_r1feb2024_0041364.pdb,0.0,0.65
00029_cpr7p_0015564.pdb,41.14,-1.25
00041_cpr7p_0027156.pdb,39.24,-1.16
00045_cpr7p_0030875.pdb,23.86,-0.45
00388_r1feb2024_0028720.pdb,0.0,0.65
00357_okr6d_0000366.pdb,68.84,-2.52
00034_cpr7p_0020315.pdb,38.8,-1.14
00037_cpr7p_0023153.pdb,47.94,-1.56
00041_cpr7p_0027111.pdb,28.55,-0.66
00385_r1feb2024_0025809.pdb,0.4,0.63
00388_r1feb2024_0028972.pdb,0.0,0.65
00190_dnfs_0139220.pdb,52.52,-1.77
00402_r1feb2024_0042360.pdb,0.55,0.63
00015_cpr7p_0000954.pdb,45.69,-1.46
00050_cpr7p_0036428.pdb,23.94,-0.45
00094_dnfs_0043160.pdb,52.83,-1.78
00421_r1feb2024_0061251.pdb,0.46,0.63
00393_r1feb2024_0033462.pdb,0.0,0.65
00021_cpr7p_0007526.pdb,17.05,-0.13
00412_r1feb2024_0052233.pdb,0.43,0.63
00418_r1feb2024_0058302.pdb,0.0,0.65
00046_cpr7p_0032004.pdb,38.29,-1.11
00395_r1feb2024_0035999.pdb,0.0,0.65
00045_cpr7p_0030924.pdb,50.97,-1.7
00418_r1feb2024_0058786.pdb,0.0,0.65
00437_r1feb2024_0077226.pdb,0.0,0.65
00020_cpr7p_0006115.pdb,39.32,-1.16
00401_r1feb2024_0042017.pdb,0.0,0.65
00370_r1feb2024_0010370.pdb,0.0,0.65
00378_r1feb2024_0018801.pdb,0.32,0.64
00021_cpr7p_0007438.pdb,33.16,-0.88
00402_r1feb2024_0042303.pdb,0.0,0.65
00419_r1feb2024_0059225.pdb,0.0,0.65
00387_r1feb2024_0028170.pdb,0.0,0.65
00371_r1feb2024_0011970.pdb,0.0,0.65
00022_cpr7p_0007711.pdb,20.35,-0.29
00417_r1feb2024_0058064.pdb,0.0,0.65
00416_r1feb2024_0056196.pdb,0.0,0.65
00370_r1feb2024_0010342.pdb,0.0,0.65
00419_r1feb2024_0059208.pdb,0.0,0.65
00434_r1feb2024_0074700.pdb,0.0,0.65
00388_r1feb2024_0028664.pdb,0.0,0.65
00358_okr6d_0000581.pdb,84.1,-3.23
00400_r1feb2024_0040609.pdb,0.0,0.65
00015_cpr7p_0001532.pdb,32.42,-0.84
00422_r1feb2024_0062490.pdb,0.0,0.65
00388_r1feb2024_0028534.pdb,0.0,0.65
00402_r1feb2024_0042637.pdb,0.0,0.65
00401_r1feb2024_0041792.pdb,0.0,0.65
00418_r1feb2024_0058633.pdb,0.0,0.65
00358_okr6d_0000617.pdb,72.41,-2.69
00374_r1feb2024_0014666.pdb,0.0,0.65
00049_cpr7p_0035256.pdb,18.56,-0.2
00400_r1feb2024_0040802.pdb,0.0,0.65
00371_r1feb2024_0011646.pdb,0.0,0.65
00358_okr6d_0000645.pdb,68.39,-2.5
00417_r1feb2024_0058020.pdb,0.0,0.65
00035_cpr7p_0020865.pdb,27.09,-0.6
00401_r1feb2024_0041499.pdb,0.0,0.65
00418_r1feb2024_0058885.pdb,0.0,0.65
00358_okr6d_0000652.pdb,79.74,-3.03
00401_r1feb2024_0041182.pdb,0.4,0.63
00358_okr6d_0000632.pdb,79.18,-3.0
00005_cppc_0004283.pdb,24.25,-0.47
00358_okr6d_0000517.pdb,49.0,-1.61
00038_cpr7p_0024091.pdb,52.45,-1.77
00367_r1feb2024_0007430.pdb,0.0,0.65
00031_cpr7p_0016688.pdb,28.97,-0.68
00403_r1feb2024_0043975.pdb,0.92,0.61
00382_r1feb2024_0022956.pdb,0.0,0.65
00411_r1feb2024_0052015.pdb,0.0,0.65
00407_r1feb2024_0047885.pdb,0.0,0.65
00380_r1feb2024_0020390.pdb,0.0,0.65
00419_r1feb2024_0059934.pdb,0.0,0.65
00418_r1feb2024_0058772.pdb,0.0,0.65
00048_cpr7p_0033980.pdb,21.8,-0.35
00018_cpr7p_0003639.pdb,33.7,-0.9
00427_r1feb2024_0068109.pdb,0.0,0.65
00120_dnfs_0069101.pdb,66.91,-2.43
00007_cppc_0006569.pdb,28.94,-0.68
00387_r1feb2024_0028083.pdb,0.97,0.61
00367_r1feb2024_0007494.pdb,0.72,0.62
00010_cppc_0009632.pdb,29.03,-0.69
00373_r1feb2024_0013829.pdb,0.0,0.65
00008_cppc_0007989.pdb,31.66,-0.81
00418_r1feb2024_0058553.pdb,1.99,0.56
00387_r1feb2024_0028064.pdb,0.0,0.65
00011_cppc_0010421.pdb,27.28,-0.61
00404_r1feb2024_0044682.pdb,0.0,0.65
00027_cpr7p_0012941.pdb,30.29,-0.74
00129_dnfs_0078753.pdb,70.11,-2.58
00046_cpr7p_0032497.pdb,22.33,-0.38
00021_cpr7p_0007162.pdb,5.38,0.4
00025_cpr7p_0011103.pdb,30.5,-0.75
00016_cpr7p_0002133.pdb,14.24,-0.0
00405_r1feb2024_0045815.pdb,0.33,0.64
00002_cppc_0001137.pdb,22.93,-0.41
00001_cppc_0000402.pdb,26.0,-0.55
00021_cpr7p_0006882.pdb,37.38,-1.07
00401_r1feb2024_0041815.pdb,0.48,0.63
00002_cppc_0001833.pdb,22.18,-0.37
00388_r1feb2024_0028210.pdb,0.0,0.65
00370_r1feb2024_0011172.pdb,0.0,0.65
00417_r1feb2024_0057368.pdb,0.0,0.65
00007_cppc_0006952.pdb,33.66,-0.9
00155_dnfs_0104349.pdb,60.14,-2.12
00417_r1feb2024_0058058.pdb,0.0,0.65
00005_cppc_0004256.pdb,25.82,-0.54
00418_r1feb2024_0058386.pdb,0.0,0.65
00422_r1feb2024_0062632.pdb,0.66,0.62
00386_r1feb2024_0026928.pdb,1.89,0.56
00400_r1feb2024_0040606.pdb,0.0,0.65
00393_r1feb2024_0034133.pdb,0.0,0.65
00403_r1feb2024_0043812.pdb,0.0,0.65
00014_cppc_0013050.pdb,21.41,-0.34
00417_r1feb2024_0058083.pdb,0.0,0.65
00359_r1feb2024_0000097.pdb,0.0,0.65
00418_r1feb2024_0058434.pdb,0.0,0.65
00402_r1feb2024_0043022.pdb,0.0,0.65
00399_r1feb2024_0040116.pdb,0.0,0.65
00044_cpr7p_0030395.pdb,49.27,-1.62
00389_r1feb2024_0029310.pdb,0.0,0.65
00403_r1feb2024_0043904.pdb,0.0,0.65
00371_r1feb2024_0011738.pdb,0.0,0.65
00370_r1feb2024_0011104.pdb,0.0,0.65
00418_r1feb2024_0058955.pdb,0.0,0.65
