,sequence,alpha,beta,gamma,delta,epsilon,zeta,bond_alpha,bond_beta,bond_gamma,bond_delta,bond_epsilon,bond_zeta
1,G,,3.094,-1.031,-1.448,2.514,1.239,1.083,1.228,1.126,1.166,1.033,1.293
2,C,1.148,-3.117,-0.896,-1.445,2.598,1.257,1.009,1.195,1.135,1.178,1.035,1.288
3,C,1.059,-3.033,-0.83,-1.432,2.587,1.335,1.053,1.183,1.127,1.175,1.054,1.322
4,C,1.055,-2.955,-0.876,-1.41,2.6,1.266,1.025,1.177,1.129,1.176,1.023,1.327
5,A,1.09,-2.981,-0.867,-1.384,2.647,1.369,1.057,1.206,1.119,1.164,1.021,1.29
6,C,1.004,-2.887,-0.926,-1.38,2.549,1.347,1.053,1.219,1.119,1.18,1.043,1.316
7,C,1.012,-2.918,-0.872,-1.401,2.565,1.374,1.05,1.19,1.137,1.194,1.055,1.352
8,C,1.023,-2.898,-0.929,-1.387,2.501,1.305,1.031,1.184,1.137,1.189,1.044,1.312
9,G,1.061,-2.992,-0.815,-1.333,2.616,1.285,1.051,1.174,1.085,1.165,1.015,1.308
10,G,1.057,-2.964,-0.883,-1.368,2.558,1.304,1.054,1.203,1.108,1.146,0.973,1.327
11,G,1.13,-2.949,-0.934,-1.396,2.585,1.314,1.062,1.19,1.133,1.18,1.017,1.282
12,U,1.071,-2.932,-0.919,-1.389,2.654,1.255,1.061,1.199,1.117,1.181,1.074,1.288
13,C,1.125,-2.997,-0.962,-1.373,2.605,1.26,1.047,1.202,1.091,1.164,1.029,1.285
14,C,1.097,-2.958,-0.938,-1.385,2.588,1.288,1.032,1.191,1.122,1.138,1.027,1.304
15,C,1.119,-2.937,-0.976,-1.369,2.56,1.207,1.045,1.197,1.119,1.154,1.051,1.314
16,U,1.174,-2.93,-1.032,-1.397,2.527,1.214,1.019,1.191,1.095,1.151,1.024,1.341
17,U,1.142,-2.963,-1.02,-1.418,2.532,3.141,1.032,1.19,1.131,1.192,1.069,1.369
18,A,1.407,-2.432,-2.32,-2.617,1.593,-1.545,1.038,1.207,1.144,1.25,1.057,1.347
19,A,-1.613,2.587,3.047,-2.602,2.787,2.586,1.026,1.21,1.132,1.249,1.027,1.33
20,A,-1.674,2.422,2.938,-1.457,2.167,0.932,1.021,1.18,1.132,1.168,1.071,1.294
21,G,1.1,-2.796,-1.074,-1.411,2.621,1.249,1.045,1.205,1.113,1.169,0.999,1.332
22,C,1.179,-3.065,-0.968,-1.425,2.601,1.348,1.058,1.214,1.144,1.186,1.031,1.337
23,C,1.07,-2.961,-0.918,-1.359,2.555,1.28,0.986,1.179,1.129,1.158,0.993,1.34
24,C,1.11,-2.966,-0.919,-1.374,2.498,1.361,1.04,1.204,1.141,1.166,1.033,1.333
25,G,1.128,-2.94,-0.889,-1.393,2.53,1.371,1.068,1.235,1.133,1.186,1.083,1.353
26,G,1.03,-2.912,-0.909,-1.385,2.564,1.346,1.021,1.182,1.11,1.19,1.068,1.341
27,G,1.056,-2.895,-0.982,-1.402,2.546,1.333,1.06,1.219,1.129,1.164,1.046,1.33
28,G,1.076,-3.034,-0.864,-1.441,2.545,-1.346,1.059,1.211,1.126,1.201,1.069,1.287
29,A,-0.83,-2.765,1.089,-2.539,1.806,2.355,1.018,1.197,1.154,1.248,0.995,1.337
30,G,0.874,2.346,-0.922,-1.417,2.574,1.363,1.074,1.216,1.118,1.166,1.005,1.325
31,G,1.101,-3.038,-0.868,-1.41,2.565,1.266,1.06,1.204,1.127,1.2,1.05,1.319
32,G,1.199,3.133,-0.829,-1.393,2.518,1.347,1.063,1.208,1.107,1.179,1.038,1.298
33,G,1.007,-2.905,-0.864,-1.376,2.51,1.406,1.095,1.23,1.14,1.144,1.011,1.324
34,G,1.04,-2.898,-0.897,-1.375,2.584,1.292,1.035,1.191,1.109,1.149,0.988,1.295
35,U,1.105,-2.857,-1.01,-1.375,2.583,1.212,1.054,1.203,1.115,1.166,1.0,1.296
36,C,1.115,-2.93,-0.986,-1.372,2.658,1.284,1.039,1.213,1.086,1.198,1.052,1.271
37,C,1.068,-2.964,-0.907,-1.39,2.559,1.331,1.036,1.174,1.119,1.183,1.035,1.308
38,C,1.059,-2.974,-0.889,-1.379,2.578,1.317,1.033,1.205,1.118,1.187,1.021,1.327
39,C,1.093,-2.938,-0.94,-1.39,2.573,1.278,1.011,1.174,1.167,1.187,1.075,1.322
40,G,1.157,-3.043,-0.88,-1.368,2.608,1.293,1.071,1.216,1.105,1.184,1.059,1.334
41,G,1.126,-2.975,-0.931,-1.377,2.615,1.297,1.071,1.22,1.113,1.158,1.05,1.294
42,G,1.089,-2.914,-0.987,-1.391,2.617,1.244,1.054,1.203,1.108,1.184,1.066,1.271
43,C,1.098,-2.878,-1.05,-1.376,2.549,0.966,1.058,1.21,1.116,1.178,1.038,1.261
44,G,1.233,-2.933,-1.061,-1.445,2.146,-2.57,1.025,1.19,1.129,1.185,0.99,1.317
45,A,0.695,-2.165,-0.934,-1.395,2.484,1.344,1.097,1.211,1.099,1.183,1.035,1.3
46,G,1.047,-3.04,-0.805,-1.442,2.501,1.319,1.054,1.201,1.144,1.177,1.054,1.297
47,C,0.96,-2.898,-0.934,-1.344,2.643,1.273,1.053,1.214,1.131,1.187,1.063,1.282
48,C,1.021,-2.969,-0.878,-1.358,2.585,1.279,1.044,1.192,1.131,1.184,1.036,1.274
49,C,1.039,-2.909,-0.909,-1.359,2.629,1.303,1.046,1.212,1.133,1.189,1.047,1.305
50,G,1.11,-2.931,-0.917,-1.381,2.607,1.365,1.035,1.194,1.092,1.189,1.055,1.339
51,G,1.049,-2.971,-0.947,-1.383,2.562,1.372,1.039,1.188,1.122,1.17,1.022,1.35
52,G,1.066,-2.944,-0.908,-1.416,2.583,1.372,1.007,1.204,1.099,1.191,1.031,1.345
53,G,1.081,-2.975,-0.912,-1.4,2.561,1.324,1.034,1.206,1.106,1.186,1.048,1.331
54,C,0.977,-3.037,-0.831,-1.342,2.427,1.191,1.022,1.206,1.114,1.187,1.056,1.299
55,G,1.092,-2.893,-0.854,-1.379,2.39,0.902,1.037,1.174,1.129,1.162,1.111,1.311
56,A,3.124,-2.219,-0.907,-1.467,2.429,1.296,1.075,1.209,1.125,1.184,1.06,1.292
57,A,1.124,-2.842,-0.958,-1.456,2.614,1.355,1.02,1.219,1.093,1.187,1.006,1.328
58,A,1.084,-2.873,-0.941,-1.475,2.584,1.177,1.075,1.207,1.153,1.196,1.045,1.293
59,G,-2.492,2.08,-2.965,-1.418,2.394,1.391,1.053,1.178,1.125,1.203,1.039,1.324
60,C,0.976,-2.915,-0.831,-1.386,2.583,1.333,1.034,1.193,1.134,1.159,1.008,1.313
61,C,1.037,-2.966,-0.895,-1.394,2.59,1.331,1.023,1.195,1.128,1.161,1.029,1.313
62,C,1.07,-2.93,-0.943,-1.377,2.62,1.282,1.035,1.195,1.127,1.203,1.088,1.297
63,C,1.081,-2.928,-0.991,-1.347,2.62,1.311,1.066,1.21,1.113,1.165,1.037,1.311
64,G,1.087,-2.968,-0.904,-1.404,2.67,1.343,1.052,1.182,1.139,1.18,1.064,1.286
65,G,1.044,-2.999,-0.871,-1.424,2.599,1.305,1.048,1.191,1.121,1.201,1.049,1.304
66,G,1.099,-3.0,-0.922,-1.396,2.305,1.085,1.039,1.198,1.085,1.181,1.017,1.315
67,G,1.117,-2.904,-0.966,-1.414,2.169,1.179,1.036,1.202,1.127,1.163,1.025,1.33
68,A,1.862,-1.55,-3.107,-1.383,2.305,1.334,1.034,1.229,1.14,1.161,1.016,1.285
69,A,1.081,-2.759,-0.98,-1.446,2.465,0.972,1.028,1.2,1.141,1.171,1.077,1.277
70,G,-2.662,2.302,-2.969,-1.43,2.392,1.342,1.039,1.202,1.141,1.174,1.03,1.345
71,G,1.096,-3.025,-0.878,-1.428,2.579,1.339,1.028,1.186,1.128,1.176,1.064,1.309
72,G,1.049,-2.983,-0.909,-1.405,2.592,1.296,1.045,1.206,1.128,1.195,1.072,1.296
73,G,1.083,-2.972,-0.902,-1.402,2.628,1.281,1.051,1.205,1.106,1.195,1.025,1.309
74,A,1.085,-3.012,-0.892,-1.399,2.554,1.319,1.028,1.194,1.116,1.162,1.034,1.305
75,C,1.038,-2.954,-0.879,-1.387,2.637,1.3,1.035,1.174,1.128,1.188,1.036,1.303
76,C,1.133,-3.009,-0.92,-1.361,2.632,1.256,1.044,1.225,1.109,1.161,1.015,1.276
77,C,1.058,-2.904,-0.935,-1.391,2.528,1.324,1.043,1.198,1.131,1.162,1.027,1.303
78,G,1.093,-3.004,-0.812,-1.383,2.599,1.317,1.06,1.205,1.106,1.164,1.019,1.343
79,G,1.093,-3.004,-0.927,-1.381,2.61,1.358,1.035,1.202,1.118,1.153,1.056,1.296
80,G,1.033,-2.882,-0.957,-1.384,2.544,1.366,1.032,1.193,1.128,1.185,1.042,1.323
81,U,1.029,-2.913,-0.935,-1.386,2.585,1.323,1.04,1.215,1.12,1.178,1.025,1.328
82,G,1.137,-2.973,-0.933,-1.365,2.506,1.407,1.045,1.208,1.125,1.161,1.053,1.365
83,G,1.104,-2.92,-0.962,-1.395,2.611,1.296,1.051,1.202,1.125,1.16,1.033,1.296
84,G,1.112,-2.991,-0.929,-1.418,2.564,1.199,1.069,1.207,1.122,1.189,1.03,1.305
85,U,1.152,-2.953,-1.017,-1.384,2.66,-1.026,1.069,1.221,1.119,1.169,1.062,1.278
86,C,-2.619,-2.988,-0.802,-2.487,1.477,1.024,1.034,1.206,1.171,1.246,1.033,1.341
87,G,2.01,2.735,-2.916,-1.485,2.449,1.414,1.063,1.219,1.148,1.154,1.038,1.305
88,G,1.134,-3.088,-0.843,-1.423,2.557,1.302,1.054,1.199,1.103,1.183,1.028,1.294
89,C,1.088,-2.979,-0.902,-1.382,2.698,1.283,1.003,1.184,1.146,1.167,1.061,1.248
90,C,1.063,-2.989,-0.858,-1.389,2.566,1.287,1.051,1.225,1.111,1.178,1.048,1.339
91,C,1.097,-2.951,-0.939,-1.401,2.569,1.318,1.03,1.185,1.145,1.173,1.045,1.324
92,C,1.052,-2.885,-0.966,-1.328,2.535,1.247,1.021,1.205,1.122,1.168,1.024,1.319
93,U,1.1,-2.881,-0.989,-1.398,2.597,1.208,1.042,1.187,1.114,1.15,1.04,1.331
94,A,1.143,-3.091,-0.96,-1.415,2.011,-2.146,1.021,1.186,1.143,1.16,1.045,1.335
95,G,0.997,2.951,-1.005,-1.479,2.494,1.362,1.054,1.214,1.149,1.177,1.009,1.329
96,G,1.075,-2.898,-0.966,-1.424,2.568,1.32,1.049,1.194,1.134,1.158,1.025,1.326
97,C,1.112,-2.941,-0.986,-1.389,2.541,1.321,1.035,1.206,1.11,1.197,1.058,1.319
98,C,1.017,-2.823,-0.996,-1.408,2.641,1.316,1.03,1.178,1.114,1.184,1.055,1.328
99,G,1.048,-2.955,-0.98,-1.405,2.46,1.41,1.053,1.195,1.134,1.19,1.034,1.347
100,G,1.02,-3.019,-0.791,-1.412,2.52,1.372,1.065,1.222,1.136,1.173,1.029,1.332
101,G,1.096,-3.01,-0.826,-1.383,2.556,1.345,1.037,1.208,1.124,1.171,1.029,1.313
102,G,1.058,-2.931,-0.914,-1.408,2.588,1.343,1.06,1.203,1.146,1.172,1.034,1.309
103,G,1.105,-2.96,-0.939,-1.369,2.598,1.35,1.051,1.19,1.119,1.164,1.032,1.3
104,G,1.033,-2.902,-0.943,-1.412,2.624,1.328,1.01,1.166,1.118,1.187,1.05,1.31
105,C,1.047,-3.048,-0.878,-1.367,2.478,1.268,1.03,1.209,1.136,1.171,1.03,1.3
106,G,1.123,-2.88,-0.923,-1.397,2.344,0.974,1.044,1.226,1.149,1.172,1.037,1.356
107,A,-2.972,-2.369,-0.949,-1.419,2.347,1.29,1.054,1.237,1.121,1.18,1.04,1.296
108,A,1.203,-2.717,-1.133,-1.448,2.642,1.313,1.029,1.192,1.122,1.201,1.02,1.311
109,A,1.048,-2.901,-0.926,-1.438,2.501,1.137,1.031,1.188,1.113,1.19,1.063,1.292
110,G,-2.559,2.15,-2.975,-1.449,2.514,1.374,1.091,1.228,1.128,1.194,1.042,1.303
111,C,0.967,-2.939,-0.864,-1.399,2.567,1.354,1.042,1.205,1.134,1.195,1.06,1.31
112,C,1.024,-2.957,-0.916,-1.354,2.609,1.278,1.037,1.219,1.117,1.17,1.019,1.3
113,C,1.079,-2.992,-0.91,-1.362,2.516,1.313,1.046,1.206,1.118,1.173,1.0,1.313
114,C,1.023,-2.864,-0.902,-1.345,2.622,1.348,1.038,1.195,1.133,1.177,1.037,1.306
115,C,1.061,-2.967,-0.897,-1.349,2.577,1.236,1.024,1.186,1.124,1.159,1.008,1.318
116,C,1.132,-3.008,-0.915,-1.397,2.207,-1.96,1.035,1.177,1.127,1.164,1.031,1.324
117,G,1.663,-2.233,-2.576,-1.457,3.009,1.816,1.021,1.232,1.118,1.182,1.04,1.296
118,U,1.122,-2.866,-1.081,-1.415,3.091,1.708,1.047,1.211,1.123,1.18,1.032,1.32
119,A,1.131,-2.923,-1.047,-1.371,2.453,1.152,1.049,1.207,1.092,1.178,1.055,1.297
120,A,1.169,-2.868,-1.046,-1.474,2.582,1.397,1.035,1.21,1.119,1.216,1.084,1.335
121,G,1.111,-2.995,-0.993,-1.414,2.533,1.322,1.027,1.217,1.119,1.173,1.031,1.319
122,C,1.072,-2.921,-0.927,-1.349,2.632,1.275,1.049,1.202,1.126,1.183,1.009,1.309
123,G,1.071,-3.019,-0.826,-1.417,2.599,1.241,1.028,1.183,1.102,1.156,1.013,1.297
124,G,1.123,-2.971,-0.958,-1.344,2.618,1.288,1.07,1.205,1.103,1.144,1.001,1.291
125,G,1.078,-2.9,-0.939,-1.418,2.6,1.293,1.055,1.217,1.111,1.185,1.018,1.312
126,C,1.137,-2.932,-1.043,-1.383,2.58,1.342,1.066,1.215,1.143,1.148,1.015,1.313
127,C,1.042,-2.943,-0.924,-1.359,2.629,1.317,1.022,1.18,1.125,1.156,1.023,1.317
128,C,1.076,-2.944,-0.95,-1.342,2.505,1.336,1.024,1.212,1.135,1.161,1.053,1.289
129,G,1.059,-2.945,-0.848,-1.36,2.534,1.332,1.058,1.201,1.089,1.154,1.025,1.312
130,A,1.043,-2.95,-0.897,-1.351,2.586,1.368,1.052,1.191,1.108,1.162,1.046,1.292
131,G,1.034,-2.919,-0.927,-1.388,2.531,1.378,1.033,1.167,1.131,1.169,1.044,1.324
132,G,1.013,-2.916,-0.853,-1.36,2.592,1.368,1.047,1.202,1.098,1.187,1.037,1.307
133,C,1.037,-2.924,-0.943,-1.358,2.585,1.273,1.036,1.208,1.113,1.178,1.025,1.324
134,C,1.113,-2.951,-0.961,-1.354,2.575,1.279,1.052,1.199,1.126,1.165,1.025,1.32
135,C,1.103,-2.911,-0.985,-1.374,2.629,1.211,1.024,1.188,1.124,1.182,1.029,1.296
136,C,1.136,-2.95,-0.991,-1.397,2.523,1.166,1.056,1.2,1.126,1.181,1.045,1.329
137,G,1.2,-2.938,-1.048,-1.411,2.464,2.777,1.036,1.19,1.116,1.175,1.031,1.28
138,A,1.412,-1.956,-2.728,-2.613,1.96,-1.892,1.1,1.191,1.128,1.223,1.051,1.337
139,U,-1.195,2.119,3.115,-1.437,2.778,1.404,0.996,1.183,1.092,1.172,1.004,1.306
140,A,1.12,-2.835,-0.979,-1.432,2.596,1.034,1.023,1.183,1.117,1.176,1.053,1.293
141,G,-2.485,2.304,-3.115,-1.413,2.496,1.344,1.029,1.215,1.131,1.212,1.018,1.295
142,C,0.958,-2.906,-0.872,-1.404,2.587,1.336,1.02,1.202,1.134,1.176,1.021,1.353
143,C,1.08,-3.035,-0.867,-1.396,2.56,1.321,1.042,1.199,1.113,1.176,1.039,1.346
144,C,1.039,-2.961,-0.887,-1.349,2.518,1.295,0.988,1.179,1.111,1.179,1.012,1.344
145,G,1.134,-3.031,-0.819,-1.408,2.549,1.298,1.046,1.2,1.127,1.195,1.092,1.302
146,G,1.055,-3.019,-0.858,-1.329,2.576,1.326,1.062,1.213,1.108,1.138,1.02,1.326
147,G,1.072,-2.911,-0.964,-1.378,2.477,1.326,1.032,1.193,1.115,1.174,1.059,1.341
148,C,1.075,-3.019,-0.902,-1.361,2.55,-1.699,1.044,1.201,1.088,1.179,1.048,1.324
149,A,-0.914,-3.062,1.009,-2.527,1.912,2.401,1.056,1.234,1.153,1.234,1.048,1.291
150,G,-1.357,-2.623,0.848,-1.386,2.477,1.348,1.043,1.235,1.102,1.168,1.0,1.321
151,G,1.149,-3.08,-0.822,-1.428,2.563,1.314,1.068,1.224,1.115,1.19,1.034,1.308
152,G,1.116,-3.027,-0.807,-1.4,2.585,1.319,1.066,1.222,1.103,1.18,1.016,1.325
153,G,1.112,-3.023,-0.846,-1.455,2.553,1.347,1.048,1.202,1.138,1.17,1.067,1.313
154,C,1.029,-2.931,-0.935,-1.386,2.6,1.236,1.039,1.198,1.099,1.161,1.023,1.307
155,C,1.132,-2.954,-0.942,-1.42,2.575,1.299,1.041,1.19,1.104,1.196,1.046,1.306
156,G,1.07,-2.91,-0.941,-1.414,2.611,1.294,1.091,1.216,1.136,1.221,1.039,1.295
157,C,1.065,-3.023,-0.841,-1.413,2.64,1.275,1.032,1.19,1.129,1.184,1.048,1.294
158,C,1.107,-3.031,-0.864,-1.397,2.612,1.279,1.018,1.192,1.128,1.172,1.056,1.304
159,C,1.105,-3.032,-0.883,-1.366,2.598,1.259,1.048,1.197,1.116,1.177,1.058,1.298
160,G,1.18,-3.02,-0.901,-1.38,2.674,1.276,1.052,1.191,1.121,1.157,1.018,1.301
161,G,1.151,-2.966,-0.939,-1.355,2.571,1.295,1.069,1.221,1.092,1.172,1.032,1.315
162,G,1.144,-2.857,-1.066,-1.384,2.65,1.262,1.011,1.167,1.12,1.197,1.063,1.279
163,C,1.047,-2.878,-1.049,-1.37,2.458,1.168,1.039,1.203,1.12,1.186,1.021,1.304
164,G,1.045,-2.867,-0.965,-1.418,2.011,-2.538,1.031,1.206,1.109,1.143,0.964,1.332
165,A,0.884,-2.161,-0.986,-1.402,2.474,1.326,1.049,1.212,1.106,1.186,1.023,1.309
166,G,1.086,-3.021,-0.877,-1.426,2.478,1.209,1.042,1.197,1.138,1.187,1.042,1.282
167,C,1.07,-2.986,-0.901,-1.413,2.573,1.305,1.036,1.196,1.13,1.193,1.036,1.331
168,C,1.052,-2.97,-0.876,-1.354,2.61,1.268,1.036,1.191,1.126,1.169,1.025,1.317
169,C,1.104,-2.996,-0.903,-1.359,2.59,1.332,1.068,1.211,1.114,1.155,1.042,1.32
170,G,1.081,-2.933,-0.904,-1.396,2.659,1.29,1.046,1.189,1.103,1.18,1.016,1.338
171,G,1.145,-3.06,-0.947,-1.367,2.594,1.339,1.039,1.202,1.124,1.16,1.013,1.321
172,G,1.032,-2.901,-0.932,-1.357,2.622,1.309,1.05,1.201,1.126,1.142,1.005,1.311
173,G,1.09,-3.004,-0.92,-1.396,2.564,1.32,1.044,1.197,1.126,1.137,1.015,1.318
174,C,1.057,-3.027,-0.863,-1.386,2.401,1.248,1.047,1.216,1.122,1.182,1.066,1.31
175,G,1.039,-2.91,-0.814,-1.403,2.451,0.884,1.031,1.164,1.126,1.162,1.068,1.341
176,A,-3.001,-2.285,-0.913,-1.419,2.31,1.328,1.046,1.206,1.086,1.201,1.013,1.326
177,A,1.143,-2.736,-1.094,-1.456,2.59,1.345,0.996,1.198,1.113,1.192,1.024,1.351
178,A,1.123,-2.896,-0.996,-1.437,2.478,1.115,1.038,1.208,1.134,1.177,1.056,1.294
179,G,-2.57,2.222,-2.975,-1.425,2.463,1.372,1.033,1.209,1.134,1.203,1.017,1.335
180,C,1.008,-2.985,-0.815,-1.427,2.576,1.346,1.003,1.183,1.154,1.207,1.076,1.318
181,C,0.986,-2.924,-0.889,-1.398,2.599,1.371,1.053,1.226,1.143,1.148,1.031,1.339
182,C,1.002,-2.947,-0.881,-1.363,2.618,1.293,1.047,1.209,1.102,1.185,1.017,1.321
183,C,1.015,-2.948,-0.882,-1.349,2.623,1.304,1.027,1.208,1.115,1.16,1.027,1.293
184,G,1.029,-2.985,-0.824,-1.339,2.574,1.377,1.059,1.221,1.087,1.176,1.039,1.34
185,G,1.062,-2.918,-0.945,-1.385,2.553,1.364,1.033,1.199,1.121,1.169,1.045,1.302
186,G,1.042,-2.883,-0.955,-1.406,2.439,0.966,1.052,1.204,1.148,1.204,1.048,1.29
187,G,1.193,-2.958,-0.939,-1.439,2.166,1.201,1.037,1.201,1.116,1.186,1.017,1.376
188,A,1.913,-1.595,-3.078,-1.435,2.253,1.528,1.011,1.226,1.13,1.181,1.057,1.302
189,A,0.963,-2.649,-1.001,-1.416,2.22,0.961,1.041,1.213,1.115,1.159,1.078,1.267
190,G,-2.563,2.133,-3.074,-1.448,2.464,1.404,1.007,1.179,1.126,1.191,1.025,1.337
191,G,1.111,-2.975,-0.897,-1.402,2.606,1.272,1.059,1.206,1.135,1.191,1.042,1.31
192,G,1.129,-3.001,-0.935,-1.371,2.599,1.29,1.056,1.222,1.107,1.176,1.023,1.291
193,G,1.055,-3.003,-0.832,-1.409,2.611,1.29,1.077,1.216,1.132,1.168,1.059,1.283
194,C,1.061,-3.024,-0.919,-1.373,2.612,1.246,1.053,1.19,1.115,1.15,1.017,1.272
195,C,1.075,-2.96,-0.906,-1.399,2.571,1.328,1.066,1.187,1.125,1.153,1.013,1.326
196,U,1.088,-3.006,-0.879,-1.419,2.623,1.344,1.058,1.207,1.123,1.147,1.022,1.301
197,C,1.033,-2.958,-0.884,-1.392,2.483,1.349,1.038,1.183,1.107,1.164,1.027,1.334
198,G,1.111,-2.995,-0.81,-1.375,2.599,1.32,1.028,1.182,1.128,1.177,1.024,1.34
199,G,1.088,-2.962,-0.906,-1.379,2.599,1.358,1.042,1.173,1.129,1.179,1.03,1.307
200,G,1.046,-2.837,-1.004,-1.423,2.618,1.318,1.052,1.169,1.118,1.203,1.063,1.3
201,C,1.03,-2.927,-0.931,-1.427,2.577,1.369,1.065,1.192,1.139,1.184,1.056,1.341
202,C,1.029,-2.926,-0.928,-1.384,2.61,1.336,1.023,1.19,1.137,1.183,1.051,1.297
203,C,0.99,-2.932,-0.878,-1.4,2.528,1.294,1.057,1.209,1.109,1.168,1.023,1.295
204,G,1.085,-2.95,-0.831,-1.407,2.605,1.281,1.07,1.19,1.136,1.179,1.038,1.298
205,U,1.076,-2.966,-0.91,-1.428,2.546,1.197,1.048,1.201,1.113,1.161,1.026,1.291
206,U,1.184,-2.941,-1.0,-1.396,2.429,-1.61,1.081,1.235,1.111,1.161,1.077,1.375
207,A,1.677,-2.747,-2.611,-1.41,2.749,1.276,1.045,1.197,1.141,1.172,1.071,1.256
208,C,1.114,-3.025,-0.935,-1.405,2.633,1.279,1.051,1.19,1.135,1.172,1.007,1.295
209,C,1.108,-3.0,-0.889,-1.417,2.638,1.295,1.04,1.189,1.136,1.167,1.025,1.316
210,C,1.134,-3.114,-0.812,-1.405,2.595,1.289,1.041,1.181,1.145,1.192,1.057,1.297
211,C,1.06,-2.951,-0.893,-1.392,2.539,1.339,1.046,1.198,1.119,1.17,1.037,1.321
212,C,0.983,-2.904,-0.867,-1.336,2.526,1.323,1.009,1.173,1.129,1.132,1.04,1.315
213,U,1.03,-2.84,-0.957,-1.389,2.297,0.74,1.016,1.215,1.129,1.172,1.098,1.301
214,A,1.699,-2.1,2.876,-1.451,2.205,2.731,1.023,1.215,1.13,1.195,1.022,1.312
215,G,0.536,2.315,-1.269,-1.496,2.622,1.337,1.079,1.2,1.147,1.181,1.042,1.32
216,G,1.15,-2.967,-1.001,-1.443,2.582,1.297,1.06,1.23,1.124,1.193,1.042,1.3
217,C,1.088,-2.905,-0.974,-1.387,2.571,1.291,1.045,1.198,1.113,1.179,1.035,1.307
218,C,1.086,-2.88,-1.006,-1.424,2.621,1.26,1.039,1.18,1.115,1.209,1.077,1.33
219,G,1.148,-3.019,-0.95,-1.431,2.537,1.364,1.023,1.196,1.123,1.209,1.033,1.345
220,G,1.092,-3.024,-0.873,-1.406,2.57,1.312,1.036,1.189,1.13,1.178,1.043,1.313
221,G,1.09,-3.027,-0.847,-1.42,2.605,1.351,1.048,1.223,1.134,1.192,1.066,1.269
222,G,1.0,-2.937,-0.863,-1.396,2.577,1.331,1.061,1.192,1.11,1.166,1.023,1.303
223,G,1.087,-2.919,-0.941,-1.423,2.629,1.277,1.055,1.174,1.137,1.166,1.007,1.315
224,C,1.142,-3.041,-0.939,-1.369,2.59,1.287,1.06,1.217,1.125,1.148,1.035,1.325
225,C,1.082,-2.994,-0.91,-1.365,2.466,1.237,1.034,1.189,1.147,1.2,1.016,1.304
226,G,1.128,-2.919,-0.864,-1.432,2.392,0.969,1.041,1.202,1.123,1.177,1.061,1.304
227,A,-2.953,-2.404,-0.918,-1.43,2.262,1.375,1.002,1.189,1.092,1.185,1.027,1.296
228,A,1.146,-2.688,-1.1,-1.42,2.618,1.339,1.049,1.219,1.104,1.148,1.001,1.316
229,A,1.092,-2.86,-1.04,-1.439,2.366,1.196,1.022,1.187,1.131,1.165,1.052,1.292
230,G,-2.598,2.119,-2.96,-1.4,2.355,1.508,1.027,1.205,1.097,1.163,1.005,1.338
231,G,0.979,-2.857,-0.889,-1.408,2.572,1.348,1.042,1.194,1.127,1.186,1.064,1.289
232,C,0.998,-2.926,-0.9,-1.355,2.6,1.296,1.05,1.224,1.125,1.173,1.03,1.261
233,C,1.01,-2.932,-0.866,-1.372,2.528,1.306,1.07,1.208,1.133,1.164,1.032,1.314
234,C,1.098,-2.917,-0.939,-1.39,2.588,1.376,1.051,1.202,1.121,1.175,1.046,1.291
235,C,0.978,-2.874,-0.907,-1.379,2.563,1.327,1.044,1.183,1.121,1.162,1.044,1.309
236,C,1.008,-2.908,-0.972,-1.368,2.68,-1.141,1.047,1.195,1.136,1.18,1.012,1.364
237,G,-2.929,-2.653,-0.687,-2.507,1.56,1.645,1.095,1.212,1.144,1.237,1.074,1.306
238,U,1.243,2.909,-0.785,-1.425,2.583,1.259,1.056,1.197,1.133,1.182,1.045,1.289
239,U,1.119,-3.1,-0.799,-1.446,2.52,1.195,1.06,1.181,1.145,1.195,1.019,1.292
240,G,1.131,-2.929,-0.94,-1.422,,,1.068,1.221,1.118,1.135,,
